Blank	GwNumber	SequencingType	ProjectCode	DateSampled	Year	Month	Season	EsrWellNo	EcanWellNo	Region	Locality	CwmsZone	GroundwaterAllocationZone	StreetRoad	EsrSiteInfo	Sample	Comment1	Comment2	Comment3	DnaExtractionDate	ExtBlankUltraPureWater	ExtBlankPhosphateBuffer	ExtBlankFalconTube	ExtBlankUltraPureWaterPlusFilter	ExtBlankPhosphateBufferPlusFilter	ExtBlankLifeGuardPlusFilter	ExtBlankLifeGitcBufferPlusFilter	ExtractionKit	PicoGreenNgPerUl	QubitNgPerUl	DateSentSequencing	SequencingProvider	SequencingProviderReference	SequencingType1	PrimerForward	PrimerReverse	FwdPrimer	RevPrimer	PrimerProvider	PrimerType	Platform	SampleID	Concentration
No	GW180001	16S	GW Mitigations	30/4/18	2018	4	Autumn	Col. A	NA	Canterbury	NA	NA	NA	NA	Lowcliffe	Water	Packaging material OFG	Methane YES	Experiment 3	23/5/18	GW180386	NA	NA	NA	NA	NA	NA	Qiagen DNeasy Blood and Tissue	11.324	19.589	7/11/18	Auckland Genomics facility	AG0193A	16S	515f	806rB	GTGYCAGCMGCCGCGGTAA	GGACTACNVGGGTWTCTAAT	IDT	Ultramer DNA Oligonucleotide	MiSeq	GW180001	11.324
No	GW180002	16S	GW Mitigations	30/4/18	2018	4	Autumn	Col.B	NA	Canterbury	NA	NA	NA	NA	Lowcliffe	Water	Packaging material SG	Methane YES	Experiment 3	23/5/18	GW180386	NA	NA	NA	NA	NA	NA	Qiagen DNeasy Blood and Tissue	13.18	19.648	7/11/18	Auckland Genomics facility	AG0193A	16S	515f	806rB	GTGYCAGCMGCCGCGGTAA	GGACTACNVGGGTWTCTAAT	IDT	Ultramer DNA Oligonucleotide	MiSeq	GW180002	13.18
No	GW180003	16S	GW Mitigations	30/4/18	2018	4	Autumn	Col.C	NA	Canterbury	NA	NA	NA	NA	Lowcliffe	Water	Packaging material  PG	Methane YES	Experiment 3	23/5/18	GW180386	NA	NA	NA	NA	NA	NA	Qiagen DNeasy Blood and Tissue	22.072	98.52	7/11/18	Auckland Genomics facility	AG0193A	16S	515f	806rB	GTGYCAGCMGCCGCGGTAA	GGACTACNVGGGTWTCTAAT	IDT	Ultramer DNA Oligonucleotide	MiSeq	GW180003	22.072
No	GW180004	16S	GW Mitigations	30/4/18	2018	4	Autumn	Col.D	NA	Canterbury	NA	NA	NA	NA	Lowcliffe	Water	Packaging material  EMPTY	Methane NO	Experiment 3	23/5/18	GW180386	NA	NA	NA	NA	NA	NA	Qiagen DNeasy Blood and Tissue	14.442	20.78	7/11/18	Auckland Genomics facility	AG0193A	16S	515f	806rB	GTGYCAGCMGCCGCGGTAA	GGACTACNVGGGTWTCTAAT	IDT	Ultramer DNA Oligonucleotide	MiSeq	GW180004	14.442
No	GW180005	16S	GW Mitigations	30/4/18	2018	4	Autumn	Col.E	NA	Canterbury	NA	NA	NA	NA	Lowcliffe	Water	Packaging material OFG	Methane NO	Experiment 3	23/5/18	GW180386	NA	NA	NA	NA	NA	NA	Qiagen DNeasy Blood and Tissue	5.495	13.48	7/11/18	Auckland Genomics facility	AG0193A	16S	515f	806rB	GTGYCAGCMGCCGCGGTAA	GGACTACNVGGGTWTCTAAT	IDT	Ultramer DNA Oligonucleotide	MiSeq	GW180005	5.495
No	GW180006	16S	GW Mitigations	30/4/18	2018	4	Autumn	Col.F	NA	Canterbury	NA	NA	NA	NA	Lowcliffe	Water	Packaging material SG	Methane NO	Experiment 3	23/5/18	GW180386	NA	NA	NA	NA	NA	NA	Qiagen DNeasy Blood and Tissue	22.474	52.736	7/11/18	Auckland Genomics facility	AG0193A	16S	515f	806rB	GTGYCAGCMGCCGCGGTAA	GGACTACNVGGGTWTCTAAT	IDT	Ultramer DNA Oligonucleotide	MiSeq	GW180006	22.474
No	GW180007	16S	GW Mitigations	30/4/18	2018	4	Autumn	Col.G	NA	Canterbury	NA	NA	NA	NA	Lowcliffe	Water	Packaging material  PG	Methane NO	Experiment 3	23/5/18	GW180386	NA	NA	NA	NA	NA	NA	Qiagen DNeasy Blood and Tissue	9.307	17.239	7/11/18	Auckland Genomics facility	AG0193A	16S	515f	806rB	GTGYCAGCMGCCGCGGTAA	GGACTACNVGGGTWTCTAAT	IDT	Ultramer DNA Oligonucleotide	MiSeq	GW180007	9.307
No	GW180008	16S	GW Mitigations	30/4/18	2018	4	Autumn	Col.H	NA	Canterbury	NA	NA	NA	NA	Lowcliffe	Water	Packaging material  EMPTY	Methane NO	Experiment 3	23/5/18	GW180386	NA	NA	NA	NA	NA	NA	Qiagen DNeasy Blood and Tissue	4.471	9.238	7/11/18	Auckland Genomics facility	AG0193A	16S	515f	806rB	GTGYCAGCMGCCGCGGTAA	GGACTACNVGGGTWTCTAAT	IDT	Ultramer DNA Oligonucleotide	MiSeq	GW180008	4.471
No	GW180009	16S	GW Mitigations	30/4/18	2018	4	Autumn	Col. A	NA	Canterbury	NA	NA	NA	NA	Lowcliffe	Gravel	Packaging material OFG	Methane YES	Experiment 3	25/5/18	GW180386b	GW180015	NA	NA	NA	NA	NA	Zymo soil	2.626	4.409	7/11/18	Auckland Genomics facility	AG0193A	16S	515f	806rB	GTGYCAGCMGCCGCGGTAA	GGACTACNVGGGTWTCTAAT	IDT	Ultramer DNA Oligonucleotide	MiSeq	GW180009	2.626
No	GW180010	16S	GW Mitigations	30/4/18	2018	4	Autumn	Col.B	NA	Canterbury	NA	NA	NA	NA	Lowcliffe	Gravel	Packaging material SG	Methane YES	Experiment 3	25/5/18	GW180386b	GW180015	NA	NA	NA	NA	NA	Zymo soil	1.161	2.25	7/11/18	Auckland Genomics facility	AG0193A	16S	515f	806rB	GTGYCAGCMGCCGCGGTAA	GGACTACNVGGGTWTCTAAT	IDT	Ultramer DNA Oligonucleotide	MiSeq	GW180010	1.161
No	GW180011	16S	GW Mitigations	30/4/18	2018	4	Autumn	Col.C	NA	Canterbury	NA	NA	NA	NA	Lowcliffe	Gravel	Packaging material  PG	Methane YES	Experiment 3	25/5/18	GW180386b	GW180015	NA	NA	NA	NA	NA	Zymo soil	3.313	17.135	7/11/18	Auckland Genomics facility	AG0193A	16S	515f	806rB	GTGYCAGCMGCCGCGGTAA	GGACTACNVGGGTWTCTAAT	IDT	Ultramer DNA Oligonucleotide	MiSeq	GW180011	3.313
No	GW180012	16S	GW Mitigations	30/4/18	2018	4	Autumn	Col.G	NA	Canterbury	NA	NA	NA	NA	Lowcliffe	Gravel	Packaging material  PG	Methane NO	Experiment 3	25/5/18	GW180386b	GW180015	NA	NA	NA	NA	NA	Zymo soil	0.246	0.345	7/11/18	Auckland Genomics facility	AG0193A	16S	515f	806rB	GTGYCAGCMGCCGCGGTAA	GGACTACNVGGGTWTCTAAT	IDT	Ultramer DNA Oligonucleotide	MiSeq	GW180012	0.246
No	GW180013	16S	GW Mitigations	30/4/18	2018	4	Autumn	Col.E	NA	Canterbury	NA	NA	NA	NA	Lowcliffe	Gravel	Packaging material OFG	Methane NO	Experiment 3	25/5/18	GW180386b	GW180015	NA	NA	NA	NA	NA	Zymo soil	1.523	4.985	7/11/18	Auckland Genomics facility	AG0193A	16S	515f	806rB	GTGYCAGCMGCCGCGGTAA	GGACTACNVGGGTWTCTAAT	IDT	Ultramer DNA Oligonucleotide	MiSeq	GW180013	1.523
No	GW180014	16S	GW Mitigations	30/4/18	2018	4	Autumn	Col.F	NA	Canterbury	NA	NA	NA	NA	Lowcliffe	Gravel	Packaging material SG	Methane NO	Experiment 3	25/5/18	GW180386b	GW180015	NA	NA	NA	NA	NA	Zymo soil	2.471	5.336	7/11/18	Auckland Genomics facility	AG0193A	16S	515f	806rB	GTGYCAGCMGCCGCGGTAA	GGACTACNVGGGTWTCTAAT	IDT	Ultramer DNA Oligonucleotide	MiSeq	GW180014	2.471
Yes	GW180015	16S	NA	25/5/18	2018	NA	NA	NA	NA	NA	NA	NA	NA	NA	NA	Ext blank Phosphate buffer	NA	NA	NA	25/5/18	NA	NA	NA	NA	NA	NA	NA	Zymo soil	0.005	-0.051	7/11/18	Auckland Genomics facility	AG0193A	16S	515f	806rB	GTGYCAGCMGCCGCGGTAA	GGACTACNVGGGTWTCTAAT	IDT	Ultramer DNA Oligonucleotide	MiSeq	GW180015	0.005
No	GW180016	16S	GW Mitigations	30/4/18	2018	4	Autumn	Col.C	NA	Canterbury	NA	NA	NA	NA	Lowcliffe	swabs from side wall	Packaging material  PG	Methane YES	Experiment 3	25/5/18	GW180386b	NA	NA	NA	NA	NA	NA	Zymo soil	0.085	0.064	7/11/18	Auckland Genomics facility	AG0193A	16S	515f	806rB	GTGYCAGCMGCCGCGGTAA	GGACTACNVGGGTWTCTAAT	IDT	Ultramer DNA Oligonucleotide	MiSeq	GW180016	0.085
No	GW180017	16S	GW Mitigations	30/4/18	2018	4	Autumn	Col.D	NA	Canterbury	NA	NA	NA	NA	Lowcliffe	swabs from side wall	Packaging material  EMPTY	Methane YES	Experiment 3	25/5/18	GW180386b	NA	NA	NA	NA	NA	NA	Zymo soil	0.271	0.453	7/11/18	Auckland Genomics facility	AG0193A	16S	515f	806rB	GTGYCAGCMGCCGCGGTAA	GGACTACNVGGGTWTCTAAT	IDT	Ultramer DNA Oligonucleotide	MiSeq	GW180017	0.271
No	GW180018	16S	GW Mitigations	30/4/18	2018	4	Autumn	Col.D	NA	Canterbury	NA	NA	NA	NA	Lowcliffe	swabs from side wall	Packaging material  PG	Methane NO	Experiment 3	25/5/18	GW180386b	NA	NA	NA	NA	NA	NA	Zymo soil	1.658	2.536	7/11/18	Auckland Genomics facility	AG0193A	16S	515f	806rB	GTGYCAGCMGCCGCGGTAA	GGACTACNVGGGTWTCTAAT	IDT	Ultramer DNA Oligonucleotide	MiSeq	GW180018	1.658
No	GW180019	16S	GW Mitigations	30/4/18	2018	4	Autumn	Col.H	NA	Canterbury	NA	NA	NA	NA	Lowcliffe	swabs from side wall	Packaging material  EMPTY	Methane NO	Experiment 3	25/5/18	GW180386b	NA	NA	NA	NA	NA	NA	Zymo soil	0.09	0.05	7/11/18	Auckland Genomics facility	AG0193A	16S	515f	806rB	GTGYCAGCMGCCGCGGTAA	GGACTACNVGGGTWTCTAAT	IDT	Ultramer DNA Oligonucleotide	MiSeq	GW180019	0.09
No	GW180247	16S	Marsden RNA SIP	16/4/18	2018	4	Autumn	Emmanuels Sediment	NA	Canterbury	NA	NA	NA	NA	Reactor	Sediment	NA	NA	NA	31/5/18	GW180248	NA	NA	NA	NA	NA	NA	Qiagen DNeasy PowerSoil	11.968	31.104	7/11/18	Auckland Genomics facility	AG0193A	16S	515f	806rB	GTGYCAGCMGCCGCGGTAA	GGACTACNVGGGTWTCTAAT	IDT	Ultramer DNA Oligonucleotide	MiSeq	GW180247	11.968
No	GW180289	16S	Canty Uni Quang	17/6/18	2018	6	Winter	S1	NA	Canterbury	NA	NA	NA	NA	Reactor	Soil	NA	NA	NA	24/7/18	GW180389	NA	NA	NA	NA	NA	NA	Qiagen DNeasy PowerSoil	30.07	72.638	7/11/18	Auckland Genomics facility	AG0193A	16S	515f	806rB	GTGYCAGCMGCCGCGGTAA	GGACTACNVGGGTWTCTAAT	IDT	Ultramer DNA Oligonucleotide	MiSeq	GW180289	30.07
No	GW180290	16S	Canty Uni Quang	17/6/18	2018	6	Winter	S2	NA	Canterbury	NA	NA	NA	NA	Reactor	Soil	NA	NA	NA	24/7/18	GW180389	NA	NA	NA	NA	NA	NA	Qiagen DNeasy PowerSoil	11.659	14.323	7/11/18	Auckland Genomics facility	AG0193A	16S	515f	806rB	GTGYCAGCMGCCGCGGTAA	GGACTACNVGGGTWTCTAAT	IDT	Ultramer DNA Oligonucleotide	MiSeq	GW180290	11.659
No	GW180291	16S	Canty Uni Quang	17/6/18	2018	6	Winter	S3	NA	Canterbury	NA	NA	NA	NA	Reactor	Soil	NA	NA	NA	24/7/18	GW180389	NA	NA	NA	NA	NA	NA	Qiagen DNeasy PowerSoil	35.708	52.685	7/11/18	Auckland Genomics facility	AG0193A	16S	515f	806rB	GTGYCAGCMGCCGCGGTAA	GGACTACNVGGGTWTCTAAT	IDT	Ultramer DNA Oligonucleotide	MiSeq	GW180291	35.708
No	GW180292	16S	Canty Uni Quang	17/6/18	2018	6	Winter	Methane SR2	NA	Canterbury	NA	NA	NA	NA	Reactor	Soil	NA	NA	NA	24/7/18	GW180389	NA	NA	NA	NA	NA	NA	Qiagen DNeasy PowerSoil	11.32	10.709	7/11/18	Auckland Genomics facility	AG0193A	16S	515f	806rB	GTGYCAGCMGCCGCGGTAA	GGACTACNVGGGTWTCTAAT	IDT	Ultramer DNA Oligonucleotide	MiSeq	GW180292	11.32
No	GW180293	16S	Canty Uni Quang	1/7/17	2017	7	Winter	Methane SR2.1	NA	Canterbury	NA	NA	NA	NA	Reactor	Soil	NA	NA	NA	24/7/18	GW180389	NA	NA	NA	NA	NA	NA	Qiagen DNeasy PowerSoil	20.777	29.99	7/11/18	Auckland Genomics facility	AG0193A	16S	515f	806rB	GTGYCAGCMGCCGCGGTAA	GGACTACNVGGGTWTCTAAT	IDT	Ultramer DNA Oligonucleotide	MiSeq	GW180293	20.777
No	GW180294	16S	Canty Uni Quang	1/8/17	2017	8	Winter	Toluene SR1.H.D	NA	Canterbury	NA	NA	NA	NA	Reactor	Soil	NA	NA	NA	24/7/18	GW180389	NA	NA	NA	NA	NA	NA	Qiagen DNeasy PowerSoil	38.41	103.018	7/11/18	Auckland Genomics facility	AG0193A	16S	515f	806rB	GTGYCAGCMGCCGCGGTAA	GGACTACNVGGGTWTCTAAT	IDT	Ultramer DNA Oligonucleotide	MiSeq	GW180294	38.41
No	GW180295	16S	Canty Uni Quang	1/10/17	2017	10	Spring	Toluene SR1.2.H.D	NA	Canterbury	NA	NA	NA	NA	Reactor	Soil	NA	NA	NA	24/7/18	GW180389	NA	NA	NA	NA	NA	NA	Qiagen DNeasy PowerSoil	40	-0.033	7/11/18	Auckland Genomics facility	AG0193A	16S	515f	806rB	GTGYCAGCMGCCGCGGTAA	GGACTACNVGGGTWTCTAAT	IDT	Ultramer DNA Oligonucleotide	MiSeq	GW180295	40
No	GW180296	16S	Canty Uni Quang	1/4/17	2017	4	Autumn	Toluene SR1.L.W	NA	Canterbury	NA	NA	NA	NA	Reactor	Soil	NA	NA	NA	24/7/18	GW180389	NA	NA	NA	NA	NA	NA	Qiagen DNeasy PowerSoil	40.162	100.713	7/11/18	Auckland Genomics facility	AG0193A	16S	515f	806rB	GTGYCAGCMGCCGCGGTAA	GGACTACNVGGGTWTCTAAT	IDT	Ultramer DNA Oligonucleotide	MiSeq	GW180296	40.162
No	GW180297	16S	Canty Uni Quang	1/5/17	2017	5	Autumn	Toluene SR3.L.W	NA	Canterbury	NA	NA	NA	NA	Reactor	Soil	NA	NA	NA	24/7/18	GW180389	NA	NA	NA	NA	NA	NA	Qiagen DNeasy PowerSoil	39.068	73.211	7/11/18	Auckland Genomics facility	AG0193A	16S	515f	806rB	GTGYCAGCMGCCGCGGTAA	GGACTACNVGGGTWTCTAAT	IDT	Ultramer DNA Oligonucleotide	MiSeq	GW180297	39.068
No	GW180298	16S	Canty Uni Quang	1/10/17	2017	10	Spring	Toluene SR3.H.D	NA	Canterbury	NA	NA	NA	NA	Reactor	Soil	NA	NA	NA	24/7/18	GW180389	NA	NA	NA	NA	NA	NA	Qiagen DNeasy PowerSoil	41.515	82.398	7/11/18	Auckland Genomics facility	AG0193A	16S	515f	806rB	GTGYCAGCMGCCGCGGTAA	GGACTACNVGGGTWTCTAAT	IDT	Ultramer DNA Oligonucleotide	MiSeq	GW180298	41.515
No	GW180299	16S	Canty Uni Quang	1/7/17	2017	7	Winter	Toluene SR3.2.H.D	NA	Canterbury	NA	NA	NA	NA	Reactor	Soil	NA	NA	NA	24/7/18	GW180389	NA	NA	NA	NA	NA	NA	Qiagen DNeasy PowerSoil	43.892	96.054	7/11/18	Auckland Genomics facility	AG0193A	16S	515f	806rB	GTGYCAGCMGCCGCGGTAA	GGACTACNVGGGTWTCTAAT	IDT	Ultramer DNA Oligonucleotide	MiSeq	GW180299	43.892
No	GW180300	16S	Canty Uni Quang	1/1/18	2017	1	Summer	Toluene SR2.H.D	NA	Canterbury	NA	NA	NA	NA	Reactor	Soil	NA	NA	NA	24/7/18	GW180389	NA	NA	NA	NA	NA	NA	Qiagen DNeasy PowerSoil	29.326	33.501	7/11/18	Auckland Genomics facility	AG0193A	16S	515f	806rB	GTGYCAGCMGCCGCGGTAA	GGACTACNVGGGTWTCTAAT	IDT	Ultramer DNA Oligonucleotide	MiSeq	GW180300	29.326
No	GW180301	16S	Canty Uni Quang	1/4/17	2017	4	Autumn	Toluene SR2.2.H.D	NA	Canterbury	NA	NA	NA	NA	Reactor	Soil	NA	NA	NA	24/7/18	GW180389	NA	NA	NA	NA	NA	NA	Qiagen DNeasy PowerSoil	41.203	81.86	7/11/18	Auckland Genomics facility	AG0193A	16S	515f	806rB	GTGYCAGCMGCCGCGGTAA	GGACTACNVGGGTWTCTAAT	IDT	Ultramer DNA Oligonucleotide	MiSeq	GW180301	41.203
No	GW180302	16S	Canty Uni Quang	1/5/17	2017	5	Autumn	Toluene SR2.L.W	NA	Canterbury	NA	NA	NA	NA	Reactor	Soil	NA	NA	NA	24/7/18	GW180389	NA	NA	NA	NA	NA	NA	Qiagen DNeasy PowerSoil	25.754	33.251	7/11/18	Auckland Genomics facility	AG0193A	16S	515f	806rB	GTGYCAGCMGCCGCGGTAA	GGACTACNVGGGTWTCTAAT	IDT	Ultramer DNA Oligonucleotide	MiSeq	GW180302	25.754
No	GW180303	16S	Canty Uni Quang	1/9/17	2017	9	Spring	Toluene SR2.2.L.W	NA	Canterbury	NA	NA	NA	NA	Reactor	Soil	NA	NA	NA	24/7/18	GW180389	NA	NA	NA	NA	NA	NA	Qiagen DNeasy PowerSoil	28.649	30.92	7/11/18	Auckland Genomics facility	AG0193A	16S	515f	806rB	GTGYCAGCMGCCGCGGTAA	GGACTACNVGGGTWTCTAAT	IDT	Ultramer DNA Oligonucleotide	MiSeq	GW180303	28.649
No	GW180304	16S	Canty Uni Quang	1/2/18	2018	2	Summer	Methane SR1.L.W	NA	Canterbury	NA	NA	NA	NA	Reactor	Soil	NA	NA	NA	24/7/18	GW180389	NA	NA	NA	NA	NA	NA	Qiagen DNeasy PowerSoil	33.539	36.899	7/11/18	Auckland Genomics facility	AG0193A	16S	515f	806rB	GTGYCAGCMGCCGCGGTAA	GGACTACNVGGGTWTCTAAT	IDT	Ultramer DNA Oligonucleotide	MiSeq	GW180304	33.539
No	GW180305	16S	Canty Uni Quang	1/2/18	2018	2	Summer	Methane SR3.L.W.CO2	NA	Canterbury	NA	NA	NA	NA	Reactor	Soil	NA	NA	NA	24/7/25	GW180389	NA	NA	NA	NA	NA	NA	Qiagen DNeasy PowerSoil	21.673	29.407	7/11/18	Auckland Genomics facility	AG0193A	16S	515f	806rB	GTGYCAGCMGCCGCGGTAA	GGACTACNVGGGTWTCTAAT	IDT	Ultramer DNA Oligonucleotide	MiSeq	GW180305	21.673
No	GW180306	16S	Canty Uni Quang	1/5/18	2018	5	Autumn	Methane SR3.L.W	NA	Canterbury	NA	NA	NA	NA	Reactor	Soil	NA	NA	NA	24/7/25	GW180389	NA	NA	NA	NA	NA	NA	Qiagen DNeasy PowerSoil	0.036	0.017	7/11/18	Auckland Genomics facility	AG0193A	16S	515f	806rB	GTGYCAGCMGCCGCGGTAA	GGACTACNVGGGTWTCTAAT	IDT	Ultramer DNA Oligonucleotide	MiSeq	GW180306	0.036
No	GW180307	16S	TTP Lees cores	26/6/18	2018	6	Winter	WEO1.1	NA	Canterbury	NA	NA	NA	NA	WaiEyre	Core sediment	0.20-0.23m	NA	NA	19/7/18	GW180388	NA	NA	NA	NA	NA	NA	Qiagen DNeasy PowerSoil	5.7	36.022	7/11/18	Auckland Genomics facility	AG0193A	16S	515f	806rB	GTGYCAGCMGCCGCGGTAA	GGACTACNVGGGTWTCTAAT	IDT	Ultramer DNA Oligonucleotide	MiSeq	GW180307	5.7
No	GW180310	16S	TTP Lees cores	26/6/18	2018	6	Winter	WEO1.4	NA	Canterbury	NA	NA	NA	NA	WaiEyre	Core sediment	0.48 0.8m	NA	NA	19/7/18	GW180388	NA	NA	NA	NA	NA	NA	Qiagen DNeasy PowerSoil	9	37.107	7/11/18	Auckland Genomics facility	AG0193A	16S	515f	806rB	GTGYCAGCMGCCGCGGTAA	GGACTACNVGGGTWTCTAAT	IDT	Ultramer DNA Oligonucleotide	MiSeq	GW180310	9
No	GW180311	16S	TTP Lees cores	26/6/18	2018	6	Winter	WEO1.5	NA	Canterbury	NA	NA	NA	NA	WaiEyre	Core sediment	0.8 -1.4m	NA	NA	17/7/18	GW180387	NA	NA	NA	NA	NA	NA	Qiagen DNeasy PowerSoil	9.2	0.568	7/11/18	Auckland Genomics facility	AG0193A	16S	515f	806rB	GTGYCAGCMGCCGCGGTAA	GGACTACNVGGGTWTCTAAT	IDT	Ultramer DNA Oligonucleotide	MiSeq	GW180311	9.2
No	GW180312	16S	TTP Lees cores	26/6/18	2018	6	Winter	WEO1.6	NA	Canterbury	NA	NA	NA	NA	WaiEyre	Core sediment	1.6 -1.8m	NA	NA	17/7/18	GW180387	NA	NA	NA	NA	NA	NA	Qiagen DNeasy PowerSoil	5.1	0.581	7/11/18	Auckland Genomics facility	AG0193A	16S	515f	806rB	GTGYCAGCMGCCGCGGTAA	GGACTACNVGGGTWTCTAAT	IDT	Ultramer DNA Oligonucleotide	MiSeq	GW180312	5.1
No	GW180315	16S	TTP Lees cores	26/6/18	2018	6	Winter	WEO1.9	NA	Canterbury	NA	NA	NA	NA	WaiEyre	Core sediment	3.0-3.3m	NA	NA	17/7/18	GW180387	NA	NA	NA	NA	NA	NA	Qiagen DNeasy PowerSoil	4.8	53.771	7/11/18	Auckland Genomics facility	AG0193A	16S	515f	806rB	GTGYCAGCMGCCGCGGTAA	GGACTACNVGGGTWTCTAAT	IDT	Ultramer DNA Oligonucleotide	MiSeq	GW180315	4.8
No	GW180320	16S	TTP Lees cores	26/6/18	2018	6	Winter	WEO1.14	NA	Canterbury	NA	NA	NA	NA	WaiEyre	Core sediment	8.0-8.3m	NA	NA	17/7/18	GW180387	NA	NA	NA	NA	NA	NA	Qiagen DNeasy PowerSoil	6.2	0	7/11/18	Auckland Genomics facility	AG0193A	16S	515f	806rB	GTGYCAGCMGCCGCGGTAA	GGACTACNVGGGTWTCTAAT	IDT	Ultramer DNA Oligonucleotide	MiSeq	GW180320	6.2
No	GW180321	16S	TTP Lees cores	26/6/18	2018	6	Winter	WEO1.15	NA	Canterbury	NA	NA	NA	NA	WaiEyre	Core sediment	9.4-9.7m	NA	NA	17/7/18	GW180387	NA	NA	NA	NA	NA	NA	Qiagen DNeasy PowerSoil	5.3	-0.003	7/11/18	Auckland Genomics facility	AG0193A	16S	515f	806rB	GTGYCAGCMGCCGCGGTAA	GGACTACNVGGGTWTCTAAT	IDT	Ultramer DNA Oligonucleotide	MiSeq	GW180321	5.3
No	GW180323	16S	TTP Lees cores	26/6/18	2018	6	Winter	WEO1.17	NA	Canterbury	NA	NA	NA	NA	WaiEyre	Core sediment	12.8-13.0m	NA	NA	17/7/18	GW180387	NA	NA	NA	NA	NA	NA	Qiagen DNeasy PowerSoil	5.3	-0.038	7/11/18	Auckland Genomics facility	AG0193A	16S	515f	806rB	GTGYCAGCMGCCGCGGTAA	GGACTACNVGGGTWTCTAAT	IDT	Ultramer DNA Oligonucleotide	MiSeq	GW180323	5.3
No	GW180329	16S	TTP Lees cores	26/6/18	2018	6	Winter	WEO1.23	NA	Canterbury	NA	NA	NA	NA	WaiEyre	Core sediment	20.1-20.3m	NA	NA	19/7/18	GW180388	NA	NA	NA	NA	NA	NA	Qiagen DNeasy PowerSoil	6	-0.047	7/11/18	Auckland Genomics facility	AG0193A	16S	515f	806rB	GTGYCAGCMGCCGCGGTAA	GGACTACNVGGGTWTCTAAT	IDT	Ultramer DNA Oligonucleotide	MiSeq	GW180329	6
No	GW180330	16S	TTP Lees cores	26/6/18	2018	6	Winter	WEO1.24	NA	Canterbury	NA	NA	NA	NA	WaiEyre	Core sediment	20.5-20.7m	NA	NA	19/7/18	GW180388	NA	NA	NA	NA	NA	NA	Qiagen DNeasy PowerSoil	5.4	36.085	7/11/18	Auckland Genomics facility	AG0193A	16S	515f	806rB	GTGYCAGCMGCCGCGGTAA	GGACTACNVGGGTWTCTAAT	IDT	Ultramer DNA Oligonucleotide	MiSeq	GW180330	5.4
No	GW180331	16S	TTP Lees cores	26/6/18	2018	6	Winter	WEO1.25	NA	Canterbury	NA	NA	NA	NA	WaiEyre	Core sediment	20.9-21.0m	NA	NA	19/7/18	GW180388	NA	NA	NA	NA	NA	NA	Qiagen DNeasy PowerSoil	6	-0.046	7/11/18	Auckland Genomics facility	AG0193A	16S	515f	806rB	GTGYCAGCMGCCGCGGTAA	GGACTACNVGGGTWTCTAAT	IDT	Ultramer DNA Oligonucleotide	MiSeq	GW180331	6
No	GW180337	16S	TTP Lees cores	26/6/18	2018	6	Winter	WEO1.31	NA	Canterbury	NA	NA	NA	NA	WaiEyre	Core sediment	28.6-28.9m	NA	NA	19/7/18	GW180388	NA	NA	NA	NA	NA	NA	Qiagen DNeasy PowerSoil	5.2	-0.01	7/11/18	Auckland Genomics facility	AG0193A	16S	515f	806rB	GTGYCAGCMGCCGCGGTAA	GGACTACNVGGGTWTCTAAT	IDT	Ultramer DNA Oligonucleotide	MiSeq	GW180337	5.2
No	GW180338	16S	TTP Lees cores	26/6/18	2018	6	Winter	WEO1.32	NA	Canterbury	NA	NA	NA	NA	WaiEyre	Core sediment	29.4-29.7m	NA	NA	19/7/18	GW180388	NA	NA	NA	NA	NA	NA	Qiagen DNeasy PowerSoil	5.1	-0.057	7/11/18	Auckland Genomics facility	AG0193A	16S	515f	806rB	GTGYCAGCMGCCGCGGTAA	GGACTACNVGGGTWTCTAAT	IDT	Ultramer DNA Oligonucleotide	MiSeq	GW180338	5.1
No	GW180339	16S	TTP Lees cores	26/6/18	2018	6	Winter	WEO1.33	NA	Canterbury	NA	NA	NA	NA	WaiEyre	Core sediment	30.4-30.6m	NA	NA	19/7/18	GW180388	NA	NA	NA	NA	NA	NA	Qiagen DNeasy PowerSoil	5.1	0.033	7/11/18	Auckland Genomics facility	AG0193A	16S	515f	806rB	GTGYCAGCMGCCGCGGTAA	GGACTACNVGGGTWTCTAAT	IDT	Ultramer DNA Oligonucleotide	MiSeq	GW180339	5.1
No	GW180340	16S	TTP Lees cores	26/6/18	2018	6	Winter	WEO1.34	NA	Canterbury	NA	NA	NA	NA	WaiEyre	Core sediment	30.6-30.7m	NA	NA	19/7/18	GW180388	NA	NA	NA	NA	NA	NA	Qiagen DNeasy PowerSoil	5.3	-0.033	7/11/18	Auckland Genomics facility	AG0193A	16S	515f	806rB	GTGYCAGCMGCCGCGGTAA	GGACTACNVGGGTWTCTAAT	IDT	Ultramer DNA Oligonucleotide	MiSeq	GW180340	5.3
No	GW180344	16S	TTP Lees cores	26/6/18	2018	6	Winter	WEO1.38	NA	Canterbury	NA	NA	NA	NA	WaiEyre	Core sediment	36.2-36.3m	NA	NA	24/7/18	GW180389	NA	NA	NA	NA	NA	NA	Qiagen DNeasy PowerSoil	5	0.28	7/11/18	Auckland Genomics facility	AG0193A	16S	515f	806rB	GTGYCAGCMGCCGCGGTAA	GGACTACNVGGGTWTCTAAT	IDT	Ultramer DNA Oligonucleotide	MiSeq	GW180344	5
No	GW180346	16S	TTP Lees cores	26/6/18	2018	6	Winter	WEO1.40	NA	Canterbury	NA	NA	NA	NA	WaiEyre	Core sediment	39.8-40.0m	NA	NA	24/7/18	GW180389	NA	NA	NA	NA	NA	NA	Qiagen DNeasy PowerSoil	6.2	67.158	7/11/18	Auckland Genomics facility	AG0193A	16S	515f	806rB	GTGYCAGCMGCCGCGGTAA	GGACTACNVGGGTWTCTAAT	IDT	Ultramer DNA Oligonucleotide	MiSeq	GW180346	6.2
Yes	GW180387	16S	NA	17/7/18	2018	NA	NA	NA	NA	NA	NA	NA	NA	NA	NA	Ext blank Ultrapure water	NA	NA	NA	17/7/18	NA	NA	NA	NA	NA	NA	NA	Qiagen DNeasy PowerSoil	0.016	84.141	7/11/18	Auckland Genomics facility	AG0193A	16S	515f	806rB	GTGYCAGCMGCCGCGGTAA	GGACTACNVGGGTWTCTAAT	IDT	Ultramer DNA Oligonucleotide	MiSeq	GW180387	0.016
Yes	GW180388	16S	NA	19/7/18	2018	NA	NA	NA	NA	NA	NA	NA	NA	NA	NA	Ext blank Ultrapure water	NA	NA	NA	19/7/18	NA	NA	NA	NA	NA	NA	NA	Qiagen DNeasy PowerSoil	0.007	0.011	7/11/18	Auckland Genomics facility	AG0193A	16S	515f	806rB	GTGYCAGCMGCCGCGGTAA	GGACTACNVGGGTWTCTAAT	IDT	Ultramer DNA Oligonucleotide	MiSeq	GW180388	0.007
Yes	GW180389	16S	NA	24/7/18	2018	NA	NA	NA	NA	NA	NA	NA	NA	NA	NA	Ext blank Ultrapure water	NA	NA	NA	24/7/18	NA	NA	NA	NA	NA	NA	NA	Qiagen DNeasy PowerSoil	0.007	-0.057	7/11/18	Auckland Genomics facility	AG0193A	16S	515f	806rB	GTGYCAGCMGCCGCGGTAA	GGACTACNVGGGTWTCTAAT	IDT	Ultramer DNA Oligonucleotide	MiSeq	GW180389	0.007
No	GW180265	16S	Canty Uni Roger	20/6/18	2018	6	Winter	R1S1T1	NA	Canterbury	NA	NA	NA	NA	Reactor	Biofilm sample	NA	NA	NA	26/9/18	GWB180926A	GWB180926B	GWB180926F	NA	NA	NA	NA	Qiagen DNeasy PowerBiofilm	191.639	116.508	7/11/18	Auckland Genomics facility	AG0193A	16S	515f	806rB	GTGYCAGCMGCCGCGGTAA	GGACTACNVGGGTWTCTAAT	IDT	Ultramer DNA Oligonucleotide	MiSeq	GW180265	191.639
No	GW180266	16S	Canty Uni Roger	20/6/18	2018	6	Winter	R1S2T1	NA	Canterbury	NA	NA	NA	NA	Reactor	Biofilm sample	NA	NA	NA	26/9/18	GWB180926A	GWB180926B	GWB180926F	NA	NA	NA	NA	Qiagen DNeasy PowerBiofilm	180.725	119.721	7/11/18	Auckland Genomics facility	AG0193A	16S	515f	806rB	GTGYCAGCMGCCGCGGTAA	GGACTACNVGGGTWTCTAAT	IDT	Ultramer DNA Oligonucleotide	MiSeq	GW180266	180.725
No	GW180267	16S	Canty Uni Roger	20/6/18	2018	6	Winter	R1S1M1	NA	Canterbury	NA	NA	NA	NA	Reactor	Biofilm sample	NA	NA	NA	26/9/18	GWB180926A	GWB180926B	GWB180926F	NA	NA	NA	NA	Qiagen DNeasy PowerBiofilm	179.848	118.97	7/11/18	Auckland Genomics facility	AG0193A	16S	515f	806rB	GTGYCAGCMGCCGCGGTAA	GGACTACNVGGGTWTCTAAT	IDT	Ultramer DNA Oligonucleotide	MiSeq	GW180267	179.848
No	GW180268	16S	Canty Uni Roger	20/6/18	2018	6	Winter	R1S2M1	NA	Canterbury	NA	NA	NA	NA	Reactor	Biofilm sample	NA	NA	NA	26/9/18	GWB180926A	GWB180926B	GWB180926F	NA	NA	NA	NA	Qiagen DNeasy PowerBiofilm	178.349	119.122	7/11/18	Auckland Genomics facility	AG0193A	16S	515f	806rB	GTGYCAGCMGCCGCGGTAA	GGACTACNVGGGTWTCTAAT	IDT	Ultramer DNA Oligonucleotide	MiSeq	GW180268	178.349
No	GW180269	16S	Canty Uni Roger	20/6/18	2018	6	Winter	R1S1B1	NA	Canterbury	NA	NA	NA	NA	Reactor	Biofilm sample	NA	NA	NA	26/9/18	GWB180926A	GWB180926B	GWB180926F	NA	NA	NA	NA	Qiagen DNeasy PowerBiofilm	179.099	119.186	7/11/18	Auckland Genomics facility	AG0193A	16S	515f	806rB	GTGYCAGCMGCCGCGGTAA	GGACTACNVGGGTWTCTAAT	IDT	Ultramer DNA Oligonucleotide	MiSeq	GW180269	179.099
No	GW180270	16S	Canty Uni Roger	20/6/18	2018	6	Winter	R1S2B1	NA	Canterbury	NA	NA	NA	NA	Reactor	Biofilm sample	NA	NA	NA	26/9/18	GWB180926A	GWB180926B	GWB180926F	NA	NA	NA	NA	Qiagen DNeasy PowerBiofilm	181.56	116.686	7/11/18	Auckland Genomics facility	AG0193A	16S	515f	806rB	GTGYCAGCMGCCGCGGTAA	GGACTACNVGGGTWTCTAAT	IDT	Ultramer DNA Oligonucleotide	MiSeq	GW180270	181.56
No	GW180271	16S	Canty Uni Roger	20/6/18	2018	6	Winter	R2S1T1	NA	Canterbury	NA	NA	NA	NA	Reactor	Biofilm sample	NA	NA	NA	26/9/18	GWB180926A	GWB180926B	GWB180926F	NA	NA	NA	NA	Qiagen DNeasy PowerBiofilm	179.378	119.262	7/11/18	Auckland Genomics facility	AG0193A	16S	515f	806rB	GTGYCAGCMGCCGCGGTAA	GGACTACNVGGGTWTCTAAT	IDT	Ultramer DNA Oligonucleotide	MiSeq	GW180271	179.378
No	GW180272	16S	Canty Uni Roger	20/6/18	2018	6	Winter	R2S2T1	NA	Canterbury	NA	NA	NA	NA	Reactor	Biofilm sample	NA	NA	NA	26/9/18	GWB180926A	GWB180926B	GWB180926F	NA	NA	NA	NA	Qiagen DNeasy PowerBiofilm	199.72	116.709	7/11/18	Auckland Genomics facility	AG0193A	16S	515f	806rB	GTGYCAGCMGCCGCGGTAA	GGACTACNVGGGTWTCTAAT	IDT	Ultramer DNA Oligonucleotide	MiSeq	GW180272	199.72
No	GW180273	16S	Canty Uni Roger	20/6/18	2018	6	Winter	R2S1M1	NA	Canterbury	NA	NA	NA	NA	Reactor	Biofilm sample	NA	NA	NA	26/9/18	GWB180926A	GWB180926B	GWB180926F	NA	NA	NA	NA	Qiagen DNeasy PowerBiofilm	191.828	116.611	7/11/18	Auckland Genomics facility	AG0193A	16S	515f	806rB	GTGYCAGCMGCCGCGGTAA	GGACTACNVGGGTWTCTAAT	IDT	Ultramer DNA Oligonucleotide	MiSeq	GW180273	191.828
No	GW180274	16S	Canty Uni Roger	20/6/18	2018	6	Winter	R2S2M1	NA	Canterbury	NA	NA	NA	NA	Reactor	Biofilm sample	NA	NA	NA	26/9/18	GWB180926A	GWB180926B	GWB180926F	NA	NA	NA	NA	Qiagen DNeasy PowerBiofilm	185.928	117.297	7/11/18	Auckland Genomics facility	AG0193A	16S	515f	806rB	GTGYCAGCMGCCGCGGTAA	GGACTACNVGGGTWTCTAAT	IDT	Ultramer DNA Oligonucleotide	MiSeq	GW180274	185.928
No	GW180275	16S	Canty Uni Roger	20/6/18	2018	6	Winter	R2S1B1	NA	Canterbury	NA	NA	NA	NA	Reactor	Biofilm sample	NA	NA	NA	26/9/18	GWB180926A	GWB180926B	GWB180926F	NA	NA	NA	NA	Qiagen DNeasy PowerBiofilm	186.427	116.175	7/11/18	Auckland Genomics facility	AG0193A	16S	515f	806rB	GTGYCAGCMGCCGCGGTAA	GGACTACNVGGGTWTCTAAT	IDT	Ultramer DNA Oligonucleotide	MiSeq	GW180275	186.427
No	GW180276	16S	Canty Uni Roger	20/6/18	2018	6	Winter	R2S2B1	NA	Canterbury	NA	NA	NA	NA	Reactor	Biofilm sample	NA	NA	NA	26/9/18	GWB180926A	GWB180926B	GWB180926F	NA	NA	NA	NA	Qiagen DNeasy PowerBiofilm	185.982	116.102	7/11/18	Auckland Genomics facility	AG0193A	16S	515f	806rB	GTGYCAGCMGCCGCGGTAA	GGACTACNVGGGTWTCTAAT	IDT	Ultramer DNA Oligonucleotide	MiSeq	GW180276	185.982
No	GW180277	16S	Canty Uni Roger	19/6/18	2018	6	Winter	R1LS	NA	Canterbury	NA	NA	NA	NA	Reactor	Biofilm liquid	NA	NA	NA	26/9/18	GWB180926A	GWB180926B	GWB180926F	NA	NA	NA	NA	Qiagen DNeasy PowerBiofilm	174.876	98.701	7/11/18	Auckland Genomics facility	AG0193A	16S	515f	806rB	GTGYCAGCMGCCGCGGTAA	GGACTACNVGGGTWTCTAAT	IDT	Ultramer DNA Oligonucleotide	MiSeq	GW180277	174.876
No	GW180278	16S	Canty Uni Roger	19/6/18	2018	6	Winter	R2LS	NA	Canterbury	NA	NA	NA	NA	Reactor	Biofilm liquid	NA	NA	NA	26/9/18	GWB180926A	GWB180926B	GWB180926F	NA	NA	NA	NA	Qiagen DNeasy PowerBiofilm	178.743	108.777	7/11/18	Auckland Genomics facility	AG0193A	16S	515f	806rB	GTGYCAGCMGCCGCGGTAA	GGACTACNVGGGTWTCTAAT	IDT	Ultramer DNA Oligonucleotide	MiSeq	GW180278	178.743
No	GW180279	16S	Canty Uni Roger	19/6/18	2018	6	Winter	R1B5S1	NA	Canterbury	NA	NA	NA	NA	Reactor	Biofilm liquid	NA	NA	NA	26/9/18	GWB180926A	GWB180926B	GWB180926F	NA	NA	NA	NA	Qiagen DNeasy PowerBiofilm	158.969	56.253	7/11/18	Auckland Genomics facility	AG0193A	16S	515f	806rB	GTGYCAGCMGCCGCGGTAA	GGACTACNVGGGTWTCTAAT	IDT	Ultramer DNA Oligonucleotide	MiSeq	GW180279	158.969
No	GW180280	16S	Canty Uni Roger	19/6/18	2018	6	Winter	R1B5S2	NA	Canterbury	NA	NA	NA	NA	Reactor	Biofilm liquid	NA	NA	NA	26/9/18	GWB180926A	GWB180926B	GWB180926F	NA	NA	NA	NA	Qiagen DNeasy PowerBiofilm	30.326	8.973	7/11/18	Auckland Genomics facility	AG0193A	16S	515f	806rB	GTGYCAGCMGCCGCGGTAA	GGACTACNVGGGTWTCTAAT	IDT	Ultramer DNA Oligonucleotide	MiSeq	GW180280	30.326
No	GW180281	16S	Canty Uni Roger	19/6/18	2018	6	Winter	R1F1OS1	NA	Canterbury	NA	NA	NA	NA	Reactor	Biofilm liquid	NA	NA	NA	26/9/18	GWB180926A	GWB180926B	GWB180926F	NA	NA	NA	NA	Qiagen DNeasy PowerBiofilm	168.028	83.111	7/11/18	Auckland Genomics facility	AG0193A	16S	515f	806rB	GTGYCAGCMGCCGCGGTAA	GGACTACNVGGGTWTCTAAT	IDT	Ultramer DNA Oligonucleotide	MiSeq	GW180281	168.028
No	GW180282	16S	Canty Uni Roger	19/6/18	2018	6	Winter	R1F1OS2	NA	Canterbury	NA	NA	NA	NA	Reactor	Biofilm liquid	NA	NA	NA	26/9/18	GWB180926A	GWB180926B	GWB180926F	NA	NA	NA	NA	Qiagen DNeasy PowerBiofilm	162.479	72.368	7/11/18	Auckland Genomics facility	AG0193A	16S	515f	806rB	GTGYCAGCMGCCGCGGTAA	GGACTACNVGGGTWTCTAAT	IDT	Ultramer DNA Oligonucleotide	MiSeq	GW180282	162.479
No	GW180283	16S	Canty Uni Roger	19/6/18	2018	6	Winter	R1F4OS1	NA	Canterbury	NA	NA	NA	NA	Reactor	Biofilm liquid	NA	NA	NA	26/9/18	GWB180926A	GWB180926B	GWB180926F	NA	NA	NA	NA	Qiagen DNeasy PowerBiofilm	156.674	60.138	7/11/18	Auckland Genomics facility	AG0193A	16S	515f	806rB	GTGYCAGCMGCCGCGGTAA	GGACTACNVGGGTWTCTAAT	IDT	Ultramer DNA Oligonucleotide	MiSeq	GW180283	156.674
No	GW180284	16S	Canty Uni Roger	19/6/18	2018	6	Winter	R1F4OS2	NA	Canterbury	NA	NA	NA	NA	Reactor	Biofilm liquid	NA	NA	NA	26/9/18	GWB180926A	GWB180926B	GWB180926F	NA	NA	NA	NA	Qiagen DNeasy PowerBiofilm	140.143	91.533	7/11/18	Auckland Genomics facility	AG0193A	16S	515f	806rB	GTGYCAGCMGCCGCGGTAA	GGACTACNVGGGTWTCTAAT	IDT	Ultramer DNA Oligonucleotide	MiSeq	GW180284	140.143
No	GW180285	16S	Canty Uni Roger	19/6/18	2018	6	Winter	R1F5S1	NA	Canterbury	NA	NA	NA	NA	Reactor	Biofilm liquid	NA	NA	NA	26/9/18	GWB180926A	GWB180926B	GWB180926F	NA	NA	NA	NA	Qiagen DNeasy PowerBiofilm	34.434	9.997	7/11/18	Auckland Genomics facility	AG0193A	16S	515f	806rB	GTGYCAGCMGCCGCGGTAA	GGACTACNVGGGTWTCTAAT	IDT	Ultramer DNA Oligonucleotide	MiSeq	GW180285	34.434
Yes	GWB180926A	16S	NA	26/9/18	2018	NA	NA	NA	NA	NA	NA	NA	NA	NA	NA	Ext blank Ultrapure water	NA	NA	NA	26/9/18	NA	NA	NA	NA	NA	NA	NA	Qiagen DNeasy PowerBiofilm	0.021	107.411	7/11/18	Auckland Genomics facility	AG0193A	16S	515f	806rB	GTGYCAGCMGCCGCGGTAA	GGACTACNVGGGTWTCTAAT	IDT	Ultramer DNA Oligonucleotide	MiSeq	GWB180926A	0.021
Yes	GWB180926B	16S	NA	26/9/18	2018	NA	NA	NA	NA	NA	NA	NA	NA	NA	NA	Ext blank  Phosphate Buffer	NA	NA	NA	26/9/18	NA	NA	NA	NA	NA	NA	NA	Qiagen DNeasy PowerBiofilm	0.02	0.007	7/11/18	Auckland Genomics facility	AG0193A	16S	515f	806rB	GTGYCAGCMGCCGCGGTAA	GGACTACNVGGGTWTCTAAT	IDT	Ultramer DNA Oligonucleotide	MiSeq	GWB180926B	0.02
Yes	GWB180926F	16S	NA	26/9/18	2018	NA	NA	NA	NA	NA	NA	NA	NA	NA	NA	Ext blank Falcon tube	NA	NA	NA	26/9/18	NA	NA	NA	NA	NA	NA	NA	Qiagen DNeasy PowerBiofilm	0.024	0.002	7/11/18	Auckland Genomics facility	AG0193A	16S	515f	806rB	GTGYCAGCMGCCGCGGTAA	GGACTACNVGGGTWTCTAAT	IDT	Ultramer DNA Oligonucleotide	MiSeq	GWB180926F	0.024
No	GW180286	16S	Canty Uni Roger	19/6/18	2018	6	Winter	R1F5S2	NA	Canterbury	NA	NA	NA	NA	Reactor	Biofilm liquid	NA	NA	NA	11/10/18	GW1801011A	NA	NA	NA	NA	NA	NA	Qiagen DNeasy PowerBiofilm	28.736	21.126	7/11/18	Auckland Genomics facility	AG0193A	16S	515f	806rB	GTGYCAGCMGCCGCGGTAA	GGACTACNVGGGTWTCTAAT	IDT	Ultramer DNA Oligonucleotide	MiSeq	GW180286	28.736
No	GW180287	16S	Canty Uni Roger	19/6/18	2018	6	Winter	R1F8OS1	NA	Canterbury	NA	NA	NA	NA	Reactor	Biofilm liquid	NA	NA	NA	11/10/18	GW1801011A	NA	NA	NA	NA	NA	NA	Qiagen DNeasy PowerBiofilm	66.036	95.538	7/11/18	Auckland Genomics facility	AG0193A	16S	515f	806rB	GTGYCAGCMGCCGCGGTAA	GGACTACNVGGGTWTCTAAT	IDT	Ultramer DNA Oligonucleotide	MiSeq	GW180287	66.036
No	GW180288	16S	Canty Uni Roger	19/6/18	2018	6	Winter	R1F8OS2	NA	Canterbury	NA	NA	NA	NA	Reactor	Biofilm liquid	NA	NA	NA	11/10/18	GW1801011A	NA	NA	NA	NA	NA	NA	Qiagen DNeasy PowerBiofilm	51.435	111.641	7/11/18	Auckland Genomics facility	AG0193A	16S	515f	806rB	GTGYCAGCMGCCGCGGTAA	GGACTACNVGGGTWTCTAAT	IDT	Ultramer DNA Oligonucleotide	MiSeq	GW180288	51.435
No	GW180419	16S	Marsden RNA SIP	17/9/18	2018	9	Spring	BFB1	NA	Canterbury	NA	NA	NA	NA	Reactor	Biofilm liquid	Emmanuel	NA	NA	11/10/18	GW1801011A	NA	NA	NA	NA	NA	NA	Qiagen DNeasy PowerBiofilm	109.774	112.349	7/11/18	Auckland Genomics facility	AG0193A	16S	515f	806rB	GTGYCAGCMGCCGCGGTAA	GGACTACNVGGGTWTCTAAT	IDT	Ultramer DNA Oligonucleotide	MiSeq	GW180419	109.774
No	GW180420	16S	Marsden RNA SIP	17/9/18	2018	9	Spring	BFB2	NA	Canterbury	NA	NA	NA	NA	Reactor	Biofilm liquid	Emmanuel	NA	NA	11/10/18	GW1801011A	NA	NA	NA	NA	NA	NA	Qiagen DNeasy PowerBiofilm	97.553	108.593	7/11/18	Auckland Genomics facility	AG0193A	16S	515f	806rB	GTGYCAGCMGCCGCGGTAA	GGACTACNVGGGTWTCTAAT	IDT	Ultramer DNA Oligonucleotide	MiSeq	GW180420	97.553
No	GW180421	16S	Marsden RNA SIP	17/9/18	2018	9	Spring	BFG1	NA	Canterbury	NA	NA	NA	NA	Reactor	Biofilm liquid	Emmanuel	NA	NA	11/10/18	GW1801011A	NA	NA	NA	NA	NA	NA	Qiagen DNeasy PowerBiofilm	99.483	114.866	7/11/18	Auckland Genomics facility	AG0193A	16S	515f	806rB	GTGYCAGCMGCCGCGGTAA	GGACTACNVGGGTWTCTAAT	IDT	Ultramer DNA Oligonucleotide	MiSeq	GW180421	99.483
No	GW180422	16S	Marsden RNA SIP	17/9/18	2018	9	Spring	BFG2	NA	Canterbury	NA	NA	NA	NA	Reactor	Biofilm liquid	Emmanuel	NA	NA	11/10/18	GW1801011A	NA	NA	NA	NA	NA	NA	Qiagen DNeasy PowerBiofilm	221.223	115.97	7/11/18	Auckland Genomics facility	AG0193A	16S	515f	806rB	GTGYCAGCMGCCGCGGTAA	GGACTACNVGGGTWTCTAAT	IDT	Ultramer DNA Oligonucleotide	MiSeq	GW180422	221.223
No	GW180423	16S	Marsden RNA SIP	17/9/18	2018	9	Spring	GR1	NA	Canterbury	NA	NA	NA	NA	Reactor	Biofilm liquid	Emmanuel	NA	NA	11/10/18	GW1801011A	NA	NA	NA	NA	NA	NA	Qiagen DNeasy PowerBiofilm	43.298	41.517	7/11/18	Auckland Genomics facility	AG0193A	16S	515f	806rB	GTGYCAGCMGCCGCGGTAA	GGACTACNVGGGTWTCTAAT	IDT	Ultramer DNA Oligonucleotide	MiSeq	GW180423	43.298
No	GW180424	16S	Marsden RNA SIP	17/9/18	2018	9	Spring	GR2	NA	Canterbury	NA	NA	NA	NA	Reactor	Biofilm liquid	Emmanuel	NA	NA	11/10/18	GW1801011A	NA	NA	NA	NA	NA	NA	Qiagen DNeasy PowerBiofilm	61.382	103.089	7/11/18	Auckland Genomics facility	AG0193A	16S	515f	806rB	GTGYCAGCMGCCGCGGTAA	GGACTACNVGGGTWTCTAAT	IDT	Ultramer DNA Oligonucleotide	MiSeq	GW180424	61.382
No	GW180425	16S	Marsden RNA SIP	17/9/18	2018	9	Spring	GR3	NA	Canterbury	NA	NA	NA	NA	Reactor	Biofilm liquid	Emmanuel	NA	NA	11/10/18	GW1801011A	NA	NA	NA	NA	NA	NA	Qiagen DNeasy PowerBiofilm	58.088	68.031	7/11/18	Auckland Genomics facility	AG0193A	16S	515f	806rB	GTGYCAGCMGCCGCGGTAA	GGACTACNVGGGTWTCTAAT	IDT	Ultramer DNA Oligonucleotide	MiSeq	GW180425	58.088
No	GW180426	16S	Marsden RNA SIP	17/9/18	2018	9	Spring	GB1	NA	Canterbury	NA	NA	NA	NA	Reactor	Biofilm liquid	Emmanuel	NA	NA	11/10/18	GW1801011A	NA	NA	NA	NA	NA	NA	Qiagen DNeasy PowerBiofilm	29.811	69.743	7/11/18	Auckland Genomics facility	AG0193A	16S	515f	806rB	GTGYCAGCMGCCGCGGTAA	GGACTACNVGGGTWTCTAAT	IDT	Ultramer DNA Oligonucleotide	MiSeq	GW180426	29.811
No	GW180427	16S	Marsden RNA SIP	17/9/18	2018	9	Spring	GB2	NA	Canterbury	NA	NA	NA	NA	Reactor	Biofilm liquid	Emmanuel	NA	NA	11/10/18	GW1801011A	NA	NA	NA	NA	NA	NA	Qiagen DNeasy PowerBiofilm	37.285	31.383	7/11/18	Auckland Genomics facility	AG0193A	16S	515f	806rB	GTGYCAGCMGCCGCGGTAA	GGACTACNVGGGTWTCTAAT	IDT	Ultramer DNA Oligonucleotide	MiSeq	GW180427	37.285
No	GW180428	16S	Marsden RNA SIP	17/9/18	2018	9	Spring	GB3	NA	Canterbury	NA	NA	NA	NA	Reactor	Biofilm liquid	Emmanuel	NA	NA	11/10/18	GW1801011A	NA	NA	NA	NA	NA	NA	Qiagen DNeasy PowerBiofilm	23.856	46.722	7/11/18	Auckland Genomics facility	AG0193A	16S	515f	806rB	GTGYCAGCMGCCGCGGTAA	GGACTACNVGGGTWTCTAAT	IDT	Ultramer DNA Oligonucleotide	MiSeq	GW180428	23.856
No	GW180429	16S	Canty Uni, Roger	15/8/18	2018	8	Winter	R1S1T1	NA	Canterbury	NA	NA	NA	NA	Reactor	Biofilm liquid	DEVELA	NA	NA	11/10/18	GW1801011A	NA	NA	NA	NA	NA	NA	Qiagen DNeasy PowerBiofilm	118.21	118.441	7/11/18	Auckland Genomics facility	AG0193A	16S	515f	806rB	GTGYCAGCMGCCGCGGTAA	GGACTACNVGGGTWTCTAAT	IDT	Ultramer DNA Oligonucleotide	MiSeq	GW180429	118.21
No	GW180430	16S	Canty Uni, Roger	15/8/18	2018	8	Winter	R1S2T2	NA	Canterbury	NA	NA	NA	NA	Reactor	Biofilm liquid	DEVELA	NA	NA	11/10/18	GW1801011A	NA	NA	NA	NA	NA	NA	Qiagen DNeasy PowerBiofilm	132.574	110.757	7/11/18	Auckland Genomics facility	AG0193A	16S	515f	806rB	GTGYCAGCMGCCGCGGTAA	GGACTACNVGGGTWTCTAAT	IDT	Ultramer DNA Oligonucleotide	MiSeq	GW180430	132.574
No	GW180431	16S	Canty Uni, Roger	15/8/18	2018	8	Winter	R1S1B1	NA	Canterbury	NA	NA	NA	NA	Reactor	Biofilm liquid	DEVELA	NA	NA	11/10/18	GW1801011A	NA	NA	NA	NA	NA	NA	Qiagen DNeasy PowerBiofilm	117.382	111.919	7/11/18	Auckland Genomics facility	AG0193A	16S	515f	806rB	GTGYCAGCMGCCGCGGTAA	GGACTACNVGGGTWTCTAAT	IDT	Ultramer DNA Oligonucleotide	MiSeq	GW180431	117.382
No	GW180432	16S	Canty Uni, Roger	15/8/18	2018	8	Winter	R1S2B2	NA	Canterbury	NA	NA	NA	NA	Reactor	Biofilm liquid	DEVELA	NA	NA	11/10/18	GW1801011A	NA	NA	NA	NA	NA	NA	Qiagen DNeasy PowerBiofilm	114.656	114.594	7/11/18	Auckland Genomics facility	AG0193A	16S	515f	806rB	GTGYCAGCMGCCGCGGTAA	GGACTACNVGGGTWTCTAAT	IDT	Ultramer DNA Oligonucleotide	MiSeq	GW180432	114.656
No	GW180433	16S	Canty Uni, Roger	15/8/18	2018	8	Winter	R1S1M1	NA	Canterbury	NA	NA	NA	NA	Reactor	Biofilm liquid	DEVELA	NA	NA	11/10/18	GW1801011A	NA	NA	NA	NA	NA	NA	Qiagen DNeasy PowerBiofilm	223.379	114.329	7/11/18	Auckland Genomics facility	AG0193A	16S	515f	806rB	GTGYCAGCMGCCGCGGTAA	GGACTACNVGGGTWTCTAAT	IDT	Ultramer DNA Oligonucleotide	MiSeq	GW180433	223.379
No	GW180434	16S	Canty Uni, Roger	15/8/18	2018	8	Winter	R1S2M2	NA	Canterbury	NA	NA	NA	NA	Reactor	Biofilm liquid	DEVELA	NA	NA	11/10/18	GW1801011A	NA	NA	NA	NA	NA	NA	Qiagen DNeasy PowerBiofilm	205.899	110.699	7/11/18	Auckland Genomics facility	AG0193A	16S	515f	806rB	GTGYCAGCMGCCGCGGTAA	GGACTACNVGGGTWTCTAAT	IDT	Ultramer DNA Oligonucleotide	MiSeq	GW180434	205.899
No	GW180435	16S	Canty Uni, Roger	15/8/18	2018	8	Winter	R1S1L1	NA	Canterbury	NA	NA	NA	NA	Reactor	Biofilm liquid	DEVELA	NA	NA	11/10/18	GW1801011A	NA	NA	NA	NA	NA	NA	Qiagen DNeasy PowerBiofilm	215.579	107.144	7/11/18	Auckland Genomics facility	AG0193A	16S	515f	806rB	GTGYCAGCMGCCGCGGTAA	GGACTACNVGGGTWTCTAAT	IDT	Ultramer DNA Oligonucleotide	MiSeq	GW180435	215.579
No	GW180436	16S	Canty Uni, Roger	15/8/18	2018	8	Winter	R1S1L2	NA	Canterbury	NA	NA	NA	NA	Reactor	Biofilm liquid	DEVELA	NA	NA	11/10/18	GW1801011A	NA	NA	NA	NA	NA	NA	Qiagen DNeasy PowerBiofilm	200.4	107.968	7/11/18	Auckland Genomics facility	AG0193A	16S	515f	806rB	GTGYCAGCMGCCGCGGTAA	GGACTACNVGGGTWTCTAAT	IDT	Ultramer DNA Oligonucleotide	MiSeq	GW180436	200.4
No	GW180437	16S	Canty Uni, Roger	15/8/18	2018	8	Winter	No Label	NA	Canterbury	NA	NA	NA	NA	Reactor	Biofilm liquid	DEVELA	NA	NA	11/10/18	GW1801011A	NA	NA	NA	NA	NA	NA	Qiagen DNeasy PowerBiofilm	204.595	107.892	7/11/18	Auckland Genomics facility	AG0193A	16S	515f	806rB	GTGYCAGCMGCCGCGGTAA	GGACTACNVGGGTWTCTAAT	IDT	Ultramer DNA Oligonucleotide	MiSeq	GW180437	204.595
Yes	GW1801011A	16S	NA	11/10/18	2018	NA	NA	NA	NA	NA	NA	NA	NA	NA	NA	Ext blank Ultrapure water	NA	NA	NA	11/10/18	NA	NA	NA	NA	NA	NA	NA	Qiagen DNeasy PowerBiofilm	0.006	0.009	7/11/18	Auckland Genomics facility	AG0193A	16S	515f	806rB	GTGYCAGCMGCCGCGGTAA	GGACTACNVGGGTWTCTAAT	IDT	Ultramer DNA Oligonucleotide	MiSeq	GW1801011A	0.006
No	GW180020	16S	GHI	7/5/18	2018	5	Autumn	F46/0650	NA	Southland	NA	NA	NA	NA	Fonterra MW	Gravel	NA	NA	NA	25/5/18	GW180386b	GW180034	NA	NA	NA	NA	NA	Zymo soil	0.564	0.675	7/11/18	Auckland Genomics facility	AG0193A	16S	515f	806rB	GTGYCAGCMGCCGCGGTAA	GGACTACNVGGGTWTCTAAT	IDT	Ultramer DNA Oligonucleotide	MiSeq	GW180020	0.564
No	GW180022	16S	GHI	7/5/18	2018	5	Autumn	F46/0650	NA	Southland	NA	NA	NA	NA	Fonterra MW	Groundwater	NA	NA	NA	23/5/18	GW180386	NA	NA	NA	NA	NA	NA	Qiagen DNeasy Blood and Tissue	15.344	26.18	7/11/18	Auckland Genomics facility	AG0193A	16S	515f	806rB	GTGYCAGCMGCCGCGGTAA	GGACTACNVGGGTWTCTAAT	IDT	Ultramer DNA Oligonucleotide	MiSeq	GW180022	15.344
No	GW180023	16S	GHI	7/5/18	2018	5	Autumn	F46/0650	NA	Southland	NA	NA	NA	NA	Fonterra MW	Groundwater	NA	NA	NA	23/5/18	GW180386	NA	NA	NA	NA	NA	NA	Qiagen DNeasy Blood and Tissue	15.6	27.739	7/11/18	Auckland Genomics facility	AG0193A	16S	515f	806rB	GTGYCAGCMGCCGCGGTAA	GGACTACNVGGGTWTCTAAT	IDT	Ultramer DNA Oligonucleotide	MiSeq	GW180023	15.6
No	GW180024	16S	GHI	7/5/18	2018	5	Autumn	F46/0650	NA	Southland	NA	NA	NA	NA	Fonterra MW	Groundwater	NA	NA	NA	23/5/18	GW180386	NA	NA	NA	NA	NA	NA	Qiagen DNeasy Blood and Tissue	14.469	21.674	7/11/18	Auckland Genomics facility	AG0193A	16S	515f	806rB	GTGYCAGCMGCCGCGGTAA	GGACTACNVGGGTWTCTAAT	IDT	Ultramer DNA Oligonucleotide	MiSeq	GW180024	14.469
No	GW180026	16S	GHI	7/5/18	2018	5	Autumn	E44/0108	NA	Southland	NA	NA	NA	NA	5 Rivers	Groundwater	NA	NA	NA	23/5/18	GW180386	NA	NA	NA	NA	NA	NA	Qiagen DNeasy Blood and Tissue	9.516	15.766	7/11/18	Auckland Genomics facility	AG0193A	16S	515f	806rB	GTGYCAGCMGCCGCGGTAA	GGACTACNVGGGTWTCTAAT	IDT	Ultramer DNA Oligonucleotide	MiSeq	GW180026	9.516
No	GW180027	16S	GHI	7/5/18	2018	5	Autumn	E44/0108	NA	Southland	NA	NA	NA	NA	5 Rivers	Groundwater	NA	NA	NA	23/5/18	GW180386	NA	NA	NA	NA	NA	NA	Qiagen DNeasy Blood and Tissue	8.526	13.88	7/11/18	Auckland Genomics facility	AG0193A	16S	515f	806rB	GTGYCAGCMGCCGCGGTAA	GGACTACNVGGGTWTCTAAT	IDT	Ultramer DNA Oligonucleotide	MiSeq	GW180027	8.526
No	GW180028	16S	GHI	7/5/18	2018	5	Autumn	E44/0108	NA	Southland	NA	NA	NA	NA	5 Rivers	Groundwater	NA	NA	NA	23/5/18	GW180386	NA	NA	NA	NA	NA	NA	Qiagen DNeasy Blood and Tissue	7.516	9.794	7/11/18	Auckland Genomics facility	AG0193A	16S	515f	806rB	GTGYCAGCMGCCGCGGTAA	GGACTACNVGGGTWTCTAAT	IDT	Ultramer DNA Oligonucleotide	MiSeq	GW180028	7.516
No	GW180029	16S	GHI	8/5/18	2018	5	Autumn	F45/0615	NA	Southland	NA	NA	NA	NA	Mandeville	Gravel	NA	NA	NA	25/5/18	GW180386b	GW180034	NA	NA	NA	NA	NA	Zymo soil	0.397	0.262	7/11/18	Auckland Genomics facility	AG0193A	16S	515f	806rB	GTGYCAGCMGCCGCGGTAA	GGACTACNVGGGTWTCTAAT	IDT	Ultramer DNA Oligonucleotide	MiSeq	GW180029	0.397
No	GW180031a	16S	GHI	8/5/18	2018	5	Autumn	F45/0615	NA	Southland	NA	NA	NA	NA	Mandeville	Groundwater	NA	NA	NA	23/5/18	GW180386	NA	NA	NA	NA	NA	NA	Qiagen DNeasy Blood and Tissue	0.037	0.06	7/11/18	Auckland Genomics facility	AG0193A	16S	515f	806rB	GTGYCAGCMGCCGCGGTAA	GGACTACNVGGGTWTCTAAT	IDT	Ultramer DNA Oligonucleotide	MiSeq	GW180031a	0.037
No	GW180031b	16S	GHI	8/5/18	2018	5	Autumn	F45/0615	NA	Southland	NA	NA	NA	NA	Mandeville	Groundwater	NA	NA	NA	23/5/18	GW180386	NA	NA	NA	NA	NA	NA	Qiagen DNeasy Blood and Tissue	0.017	0.065	7/11/18	Auckland Genomics facility	AG0193A	16S	515f	806rB	GTGYCAGCMGCCGCGGTAA	GGACTACNVGGGTWTCTAAT	IDT	Ultramer DNA Oligonucleotide	MiSeq	GW180031b	0.017
No	GW180031c	16S	GHI	8/5/18	2018	5	Autumn	F45/0615	NA	Southland	NA	NA	NA	NA	Mandeville	Groundwater	NA	NA	NA	23/5/18	GW180386	NA	NA	NA	NA	NA	NA	Qiagen DNeasy Blood and Tissue	0.047	0.114	7/11/18	Auckland Genomics facility	AG0193A	16S	515f	806rB	GTGYCAGCMGCCGCGGTAA	GGACTACNVGGGTWTCTAAT	IDT	Ultramer DNA Oligonucleotide	MiSeq	GW180031c	0.047
No	GW180033a	16S	GHI	8/5/18	2018	5	Autumn	F46/0868	NA	Southland	NA	NA	NA	NA	Matai Rd East Edendale	Groundwater	NA	NA	NA	23/5/18	GW180386	NA	NA	NA	NA	NA	NA	Qiagen DNeasy Blood and Tissue	1.846	1.634	7/11/18	Auckland Genomics facility	AG0193A	16S	515f	806rB	GTGYCAGCMGCCGCGGTAA	GGACTACNVGGGTWTCTAAT	IDT	Ultramer DNA Oligonucleotide	MiSeq	GW180033a	1.846
No	GW180033b	16S	GHI	8/5/18	2018	5	Autumn	F46/0868	NA	Southland	NA	NA	NA	NA	Matai Rd East Edendale	Groundwater	NA	NA	NA	23/5/18	GW180386	NA	NA	NA	NA	NA	NA	Qiagen DNeasy Blood and Tissue	1.583	1.473	7/11/18	Auckland Genomics facility	AG0193A	16S	515f	806rB	GTGYCAGCMGCCGCGGTAA	GGACTACNVGGGTWTCTAAT	IDT	Ultramer DNA Oligonucleotide	MiSeq	GW180033b	1.583
No	GW180033c	16S	GHI	8/5/18	2018	5	Autumn	F46/0868	NA	Southland	NA	NA	NA	NA	Matai Rd East Edendale	Groundwater	NA	NA	NA	23/5/18	GW180386	NA	NA	NA	NA	NA	NA	Qiagen DNeasy Blood and Tissue	1.07	2.706	7/11/18	Auckland Genomics facility	AG0193A	16S	515f	806rB	GTGYCAGCMGCCGCGGTAA	GGACTACNVGGGTWTCTAAT	IDT	Ultramer DNA Oligonucleotide	MiSeq	GW180033c	1.07
Yes	GW180034	16S	NA	9/5/18	2018	NA	NA	NA	NA	NA	NA	NA	NA	NA	NA	Ext blank Phosphate buffer	NA	NA	NA	25/5/18	NA	NA	NA	NA	NA	NA	NA	Zymo soil	0.006	-0.006	7/11/18	Auckland Genomics facility	AG0193A	16S	515f	806rB	GTGYCAGCMGCCGCGGTAA	GGACTACNVGGGTWTCTAAT	IDT	Ultramer DNA Oligonucleotide	MiSeq	GW180034	0.006
Yes	GW180386	16S	NA	23/5/18	2018	NA	NA	NA	NA	NA	NA	NA	NA	NA	NA	Ext blank Ultrapure water	NA	NA	NA	23/5/18	NA	NA	NA	NA	NA	NA	NA	Qiagen DNeasy Blood and Tissue	0.008	-0.009	7/11/18	Auckland Genomics facility	AG0193A	16S	515f	806rB	GTGYCAGCMGCCGCGGTAA	GGACTACNVGGGTWTCTAAT	IDT	Ultramer DNA Oligonucleotide	MiSeq	GW180386	0.008
Yes	GW180386b	16S	NA	25/5/18	2018	NA	NA	NA	NA	NA	NA	NA	NA	NA	NA	Ext blank Ultrapure water	NA	NA	NA	25/5/18	NA	NA	NA	NA	NA	NA	NA	Zymo soil	0.005	-0.03	7/11/18	Auckland Genomics facility	AG0193A	16S	515f	806rB	GTGYCAGCMGCCGCGGTAA	GGACTACNVGGGTWTCTAAT	IDT	Ultramer DNA Oligonucleotide	MiSeq	GW180386b	0.005
No	GW180237	16S	Smart Ideas	16/4/18	2018	4	Autumn	BW8	M36/4767	Canterbury	Burnham	Selwyn - Waihora	Selwyn-Waimakariri	Main South Road	Burnham	Gravel	NA	NA	NA	31/5/18	GW180248	NA	NA	NA	NA	NA	NA	Qiagen DNeasy PowerSoil	0.146	-0.012	7/11/18	Auckland Genomics facility	AG0193A	16S	515f	806rB	GTGYCAGCMGCCGCGGTAA	GGACTACNVGGGTWTCTAAT	IDT	Ultramer DNA Oligonucleotide	MiSeq	GW180237	0.146
No	GW180238	16S	Smart Ideas	16/4/18	2018	4	Autumn	BW8	M36/4767	Canterbury	Burnham	Selwyn - Waihora	Selwyn-Waimakariri	Main South Road	Burnham	Sediment	NA	NA	NA	31/5/18	GW180248	NA	NA	NA	NA	NA	NA	Qiagen DNeasy PowerSoil	6.56	8.962	7/11/18	Auckland Genomics facility	AG0193A	16S	515f	806rB	GTGYCAGCMGCCGCGGTAA	GGACTACNVGGGTWTCTAAT	IDT	Ultramer DNA Oligonucleotide	MiSeq	GW180238	6.56
No	GW180239	16S	Smart Ideas	16/4/18	2018	4	Autumn	BW19	M36/4776	Canterbury	Burnham	Selwyn - Waihora	Selwyn-Waimakariri	Main South Road	Burnham	Gravel	NA	NA	NA	31/5/18	GW180248	NA	NA	NA	NA	NA	NA	Qiagen DNeasy PowerSoil	0.252	0.113	7/11/18	Auckland Genomics facility	AG0193A	16S	515f	806rB	GTGYCAGCMGCCGCGGTAA	GGACTACNVGGGTWTCTAAT	IDT	Ultramer DNA Oligonucleotide	MiSeq	GW180239	0.252
No	GW180240	16S	Smart Ideas	16/4/18	2018	4	Autumn	BW19	M36/4776	Canterbury	Burnham	Selwyn - Waihora	Selwyn-Waimakariri	Main South Road	Burnham	Sediment	NA	NA	NA	31/5/18	GW180248	NA	NA	NA	NA	NA	NA	Qiagen DNeasy PowerSoil	1.983	2.741	7/11/18	Auckland Genomics facility	AG0193A	16S	515f	806rB	GTGYCAGCMGCCGCGGTAA	GGACTACNVGGGTWTCTAAT	IDT	Ultramer DNA Oligonucleotide	MiSeq	GW180240	1.983
No	GW180241	16S	Smart Ideas	17/4/18	2018	4	Autumn	RF2	M36/7716	Canterbury	Irwell	Selwyn - Waihora	Rakaia-Selwyn	Selwyn Lake Road	Raywell Farm	Gravel	NA	NA	NA	31/5/18	GW180248	NA	NA	NA	NA	NA	NA	Qiagen DNeasy PowerSoil	0.016	-0.02	7/11/18	Auckland Genomics facility	AG0193A	16S	515f	806rB	GTGYCAGCMGCCGCGGTAA	GGACTACNVGGGTWTCTAAT	IDT	Ultramer DNA Oligonucleotide	MiSeq	GW180241	0.016
No	GW180242	16S	Smart Ideas	17/4/18	2018	4	Autumn	RF2	M36/7716	Canterbury	Irwell	Selwyn - Waihora	Rakaia-Selwyn	Selwyn Lake Road	Raywell Farm	Sediment	NA	NA	NA	31/5/18	GW180248	NA	NA	NA	NA	NA	NA	Qiagen DNeasy PowerSoil	17.381	21.215	7/11/18	Auckland Genomics facility	AG0193A	16S	515f	806rB	GTGYCAGCMGCCGCGGTAA	GGACTACNVGGGTWTCTAAT	IDT	Ultramer DNA Oligonucleotide	MiSeq	GW180242	17.381
No	GW180243	16S	Smart Ideas	17/4/18	2018	4	Autumn	RF3	M36/7718	Canterbury	Irwell	Selwyn - Waihora	Selwyn-Waimakariri	Selwyn Lake Road	Raywell Farm	Gravel	NA	NA	NA	31/5/18	GW180248	NA	NA	NA	NA	NA	NA	Qiagen DNeasy PowerSoil	0.192	0.078	7/11/18	Auckland Genomics facility	AG0193A	16S	515f	806rB	GTGYCAGCMGCCGCGGTAA	GGACTACNVGGGTWTCTAAT	IDT	Ultramer DNA Oligonucleotide	MiSeq	GW180243	0.192
No	GW180244	16S	Smart Ideas	17/4/18	2018	4	Autumn	RF3	M36/7718	Canterbury	Irwell	Selwyn - Waihora	Selwyn-Waimakariri	Selwyn Lake Road	Raywell Farm	Sediment	NA	NA	NA	31/5/18	GW180248	NA	NA	NA	NA	NA	NA	Qiagen DNeasy PowerSoil	3.268	4.572	7/11/18	Auckland Genomics facility	AG0193A	16S	515f	806rB	GTGYCAGCMGCCGCGGTAA	GGACTACNVGGGTWTCTAAT	IDT	Ultramer DNA Oligonucleotide	MiSeq	GW180244	3.268
No	GW180245	16S	Smart Ideas	16/4/18	2018	4	Autumn	SR1	L35/0824	Canterbury	Coalgate	Selwyn - Waihora	Selwyn-Waimakariri	Beatty Road	Scotts Road	Gravel	NA	NA	NA	31/5/18	GW180248	NA	NA	NA	NA	NA	NA	Qiagen DNeasy PowerSoil	0.39	0.637	7/11/18	Auckland Genomics facility	AG0193A	16S	515f	806rB	GTGYCAGCMGCCGCGGTAA	GGACTACNVGGGTWTCTAAT	IDT	Ultramer DNA Oligonucleotide	MiSeq	GW180245	0.39
No	GW180246	16S	Smart Ideas	16/4/18	2018	4	Autumn	SR2	L35/0826	Canterbury	Coalgate	Selwyn - Waihora	Selwyn-Waimakariri	Beatty Road	Scotts Road	Gravel	NA	NA	NA	31/5/18	GW180248	NA	NA	NA	NA	NA	NA	Qiagen DNeasy PowerSoil	0.302	0.197	7/11/18	Auckland Genomics facility	AG0193A	16S	515f	806rB	GTGYCAGCMGCCGCGGTAA	GGACTACNVGGGTWTCTAAT	IDT	Ultramer DNA Oligonucleotide	MiSeq	GW180246	0.302
Yes	GW180248	16S	NA	31/5/18	2018	NA	NA	NA	NA	NA	NA	NA	NA	NA	NA	Ext blank Ultrapure water	NA	NA	NA	31/5/18	NA	NA	NA	NA	NA	NA	NA	Qiagen DNeasy PowerSoil	3e-4	-0.008	7/11/18	Auckland Genomics facility	AG0193A	16S	515f	806rB	GTGYCAGCMGCCGCGGTAA	GGACTACNVGGGTWTCTAAT	IDT	Ultramer DNA Oligonucleotide	MiSeq	GW180248	3e-4
No	GW180367	16S	Smart Ideas	16/4/18	2018	4	Autumn	BW8	M36/4767	Canterbury	Burnham	Selwyn - Waihora	Selwyn-Waimakariri	Main South Road	Burnham	Groundwater pre sonication	NA	NA	NA	24/4/18	GW180235	NA	NA	NA	NA	NA	NA	Qiagen DNeasy Blood and Tissue	0.192	0.155	7/11/18	Auckland Genomics facility	AG0193A	16S	515f	806rB	GTGYCAGCMGCCGCGGTAA	GGACTACNVGGGTWTCTAAT	IDT	Ultramer DNA Oligonucleotide	MiSeq	GW180367	0.192
No	GW180368	16S	Smart Ideas	16/4/18	2018	4	Autumn	BW8	M36/4767	Canterbury	Burnham	Selwyn - Waihora	Selwyn-Waimakariri	Main South Road	Burnham	Groundwater post sonication	NA	NA	NA	24/4/18	GW180235	NA	NA	NA	NA	NA	NA	Qiagen DNeasy Blood and Tissue	0.059	0.038	7/11/18	Auckland Genomics facility	AG0193A	16S	515f	806rB	GTGYCAGCMGCCGCGGTAA	GGACTACNVGGGTWTCTAAT	IDT	Ultramer DNA Oligonucleotide	MiSeq	GW180368	0.059
No	GW180369	16S	Smart Ideas	16/4/18	2018	4	Autumn	BW19	M36/4776	Canterbury	Burnham	Selwyn - Waihora	Selwyn-Waimakariri	Main South Road	Burnham	Groundwater pre sonication	NA	NA	NA	24/4/18	GW180235	NA	NA	NA	NA	NA	NA	Qiagen DNeasy Blood and Tissue	0.105	0.031	7/11/18	Auckland Genomics facility	AG0193A	16S	515f	806rB	GTGYCAGCMGCCGCGGTAA	GGACTACNVGGGTWTCTAAT	IDT	Ultramer DNA Oligonucleotide	MiSeq	GW180369	0.105
No	GW180370	16S	Smart Ideas	16/4/18	2018	4	Autumn	BW19	M36/4776	Canterbury	Burnham	Selwyn - Waihora	Selwyn-Waimakariri	Main South Road	Burnham	Groundwater post sonication	NA	NA	NA	24/4/18	GW180235	NA	NA	NA	NA	NA	NA	Qiagen DNeasy Blood and Tissue	0.032	-0.057	7/11/18	Auckland Genomics facility	AG0193A	16S	515f	806rB	GTGYCAGCMGCCGCGGTAA	GGACTACNVGGGTWTCTAAT	IDT	Ultramer DNA Oligonucleotide	MiSeq	GW180370	0.032
No	GW180371	16S	Smart Ideas	16/4/18	2018	4	Autumn	SR1	L35/0824	Canterbury	Coalgate	Selwyn - Waihora	Selwyn-Waimakariri	Beatty Road	Scotts Road	Groundwater pre sonication	NA	NA	NA	24/4/18	GW180235	NA	NA	NA	NA	NA	NA	Qiagen DNeasy Blood and Tissue	0.605	0.453	7/11/18	Auckland Genomics facility	AG0193A	16S	515f	806rB	GTGYCAGCMGCCGCGGTAA	GGACTACNVGGGTWTCTAAT	IDT	Ultramer DNA Oligonucleotide	MiSeq	GW180371	0.605
No	GW180372	16S	Smart Ideas	16/4/18	2018	4	Autumn	SR1	L35/0824	Canterbury	Coalgate	Selwyn - Waihora	Selwyn-Waimakariri	Beatty Road	Scotts Road	Groundwater post sonication	NA	NA	NA	24/4/18	GW180235	NA	NA	NA	NA	NA	NA	Qiagen DNeasy Blood and Tissue	0.228	0.182	7/11/18	Auckland Genomics facility	AG0193A	16S	515f	806rB	GTGYCAGCMGCCGCGGTAA	GGACTACNVGGGTWTCTAAT	IDT	Ultramer DNA Oligonucleotide	MiSeq	GW180372	0.228
No	GW180373	16S	Smart Ideas	16/4/18	2018	4	Autumn	SR2	L35/0826	Canterbury	Coalgate	Selwyn - Waihora	Selwyn-Waimakariri	Beatty Road	Scotts Road	Groundwater pre sonication	NA	NA	NA	24/4/18	GW180235	NA	NA	NA	NA	NA	NA	Qiagen DNeasy Blood and Tissue	0.329	0.146	7/11/18	Auckland Genomics facility	AG0193A	16S	515f	806rB	GTGYCAGCMGCCGCGGTAA	GGACTACNVGGGTWTCTAAT	IDT	Ultramer DNA Oligonucleotide	MiSeq	GW180373	0.329
No	GW180374	16S	Smart Ideas	19/4/18	2018	4	Autumn	SR2	L35/0826	Canterbury	Coalgate	Selwyn - Waihora	Selwyn-Waimakariri	Beatty Road	Scotts Road	Groundwater post sonication	NA	NA	NA	24/4/18	GW180235	NA	NA	NA	NA	NA	NA	Qiagen DNeasy Blood and Tissue	0.044	0.059	7/11/18	Auckland Genomics facility	AG0193A	16S	515f	806rB	GTGYCAGCMGCCGCGGTAA	GGACTACNVGGGTWTCTAAT	IDT	Ultramer DNA Oligonucleotide	MiSeq	GW180374	0.044
No	GW180375	16S	Smart Ideas	16/4/18	2018	4	Autumn	RF2	M36/7716	Canterbury	Irwell	Selwyn - Waihora	Rakaia-Selwyn	Selwyn Lake Road	Raywell Farm	Groundwater pre sonication	NA	NA	NA	24/4/18	GW180235	NA	NA	NA	NA	NA	NA	Qiagen DNeasy Blood and Tissue	0.232	0.076	7/11/18	Auckland Genomics facility	AG0193A	16S	515f	806rB	GTGYCAGCMGCCGCGGTAA	GGACTACNVGGGTWTCTAAT	IDT	Ultramer DNA Oligonucleotide	MiSeq	GW180375	0.232
No	GW180376	16S	Smart Ideas	16/4/18	2018	4	Autumn	RF3	M36/7718	Canterbury	Irwell	Selwyn - Waihora	Selwyn-Waimakariri	Selwyn Lake Road	Raywell Farm	Groundwater pre sonication	NA	NA	NA	24/4/18	GW180235	NA	NA	NA	NA	NA	NA	Qiagen DNeasy Blood and Tissue	0.42	0.285	7/11/18	Auckland Genomics facility	AG0193A	16S	515f	806rB	GTGYCAGCMGCCGCGGTAA	GGACTACNVGGGTWTCTAAT	IDT	Ultramer DNA Oligonucleotide	MiSeq	GW180376	0.42
No	GW180377	16S	Smart Ideas	16/4/18	2018	4	Autumn	RF3	M36/7718	Canterbury	Irwell	Selwyn - Waihora	Selwyn-Waimakariri	Selwyn Lake Road	Raywell Farm	Groundwater post sonication	NA	NA	NA	24/4/18	GW180235	NA	NA	NA	NA	NA	NA	Qiagen DNeasy Blood and Tissue	0.041	0.026	7/11/18	Auckland Genomics facility	AG0193A	16S	515f	806rB	GTGYCAGCMGCCGCGGTAA	GGACTACNVGGGTWTCTAAT	IDT	Ultramer DNA Oligonucleotide	MiSeq	GW180377	0.041
No	GW180380	16S	Smart Ideas	16/4/18	2018	4	Autumn	RF2	M36/7716	Canterbury	Irwell	Selwyn - Waihora	Rakaia-Selwyn	Selwyn Lake Road	Raywell Farm	Groundwater pre sonication	NA	NA	NA	24/4/18	GW180235	NA	NA	NA	NA	NA	NA	Qiagen DNeasy Blood and Tissue	0.07	0.037	7/11/18	Auckland Genomics facility	AG0193A	16S	515f	806rB	GTGYCAGCMGCCGCGGTAA	GGACTACNVGGGTWTCTAAT	IDT	Ultramer DNA Oligonucleotide	MiSeq	GW180380	0.07
No	GW180382	16S	Smart Ideas	16/4/18	2018	4	Autumn	N3	NA	Canterbury	Eyreton	NA	NA	NA	Silverstream	Groundwater	NA	NA	NA	24/4/18	GW180235	NA	NA	NA	NA	NA	NA	Qiagen DNeasy Blood and Tissue	7.554	5.154	7/11/18	Auckland Genomics facility	AG0193A	16S	515f	806rB	GTGYCAGCMGCCGCGGTAA	GGACTACNVGGGTWTCTAAT	IDT	Ultramer DNA Oligonucleotide	MiSeq	GW180382	7.554
No	GW180383	16S	Smart Ideas	16/4/18	2018	4	Autumn	F1	NA	Canterbury	Eyreton	NA	NA	NA	Silverstream	Groundwater	NA	NA	NA	24/4/18	GW180235	NA	NA	NA	NA	NA	NA	Qiagen DNeasy Blood and Tissue	0.08	-0.026	7/11/18	Auckland Genomics facility	AG0193A	16S	515f	806rB	GTGYCAGCMGCCGCGGTAA	GGACTACNVGGGTWTCTAAT	IDT	Ultramer DNA Oligonucleotide	MiSeq	GW180383	0.08
Yes	GW180235	16S	NA	24/4/18	2018	NA	NA	NA	NA	NA	NA	NA	NA	NA	NA	Ext blank Ultrapure water	NA	NA	NA	24/4/18	NA	NA	NA	NA	NA	NA	NA	Qiagen DNeasy PowerSoil	0.003	0.049	7/11/18	Auckland Genomics facility	AG0193A	16S	515f	806rB	GTGYCAGCMGCCGCGGTAA	GGACTACNVGGGTWTCTAAT	IDT	Ultramer DNA Oligonucleotide	MiSeq	GW180235	0.003
No	GW180249	16S	Takaka	29/5/18	2018	5	Autumn	GW6011	NA	Tasman District	Takaka	NA	NA	NA	NA	Filter in Lifeguard	NA	NA	NA	24/10/18	GW181024A	NA	NA	GW181024WF	GW181024BF	GW181024LG	NA	Qiagen DNeasy PowerSoil	1.55	2.609	7/11/18	Auckland Genomics facility	AG0193A	16S	515f	806rB	GTGYCAGCMGCCGCGGTAA	GGACTACNVGGGTWTCTAAT	IDT	Ultramer DNA Oligonucleotide	MiSeq	GW180249	1.55
No	GW180250	16S	Takaka	29/5/18	2018	5	Autumn	GW6013	NA	Tasman District	Takaka	NA	NA	NA	NA	Filter in Lifeguard	NA	NA	NA	24/10/18	GW181024A	NA	NA	GW181024WF	GW181024BF	GW181024LG	NA	Qiagen DNeasy PowerSoil	0.011	0.031	7/11/18	Auckland Genomics facility	AG0193A	16S	515f	806rB	GTGYCAGCMGCCGCGGTAA	GGACTACNVGGGTWTCTAAT	IDT	Ultramer DNA Oligonucleotide	MiSeq	GW180250	0.011
No	GW180251	16S	Takaka	29/5/18	2018	5	Autumn	GW6713	NA	Tasman District	Takaka	NA	NA	NA	NA	Filter in Lifeguard	NA	NA	NA	24/10/18	GW181024A	NA	NA	GW181024WF	GW181024BF	GW181024LG	NA	Qiagen DNeasy PowerSoil	0.005	-0.013	7/11/18	Auckland Genomics facility	AG0193A	16S	515f	806rB	GTGYCAGCMGCCGCGGTAA	GGACTACNVGGGTWTCTAAT	IDT	Ultramer DNA Oligonucleotide	MiSeq	GW180251	0.005
No	GW180252	16S	Takaka	30/5/18	2018	5	Autumn	GW6912	NA	Tasman District	Takaka	NA	NA	NA	NA	Filter in Lifeguard	NA	NA	NA	24/10/18	GW181024A	NA	NA	GW181024WF	GW181024BF	GW181024LG	NA	Qiagen DNeasy PowerSoil	23.388	47.138	7/11/18	Auckland Genomics facility	AG0193A	16S	515f	806rB	GTGYCAGCMGCCGCGGTAA	GGACTACNVGGGTWTCTAAT	IDT	Ultramer DNA Oligonucleotide	MiSeq	GW180252	23.388
No	GW180253	16S	Takaka	30/5/18	2018	5	Autumn	6913	NA	Tasman District	Takaka	NA	NA	NA	NA	Filter in Lifeguard	NA	NA	NA	24/10/18	GW181024A	NA	NA	GW181024WF	GW181024BF	GW181024LG	NA	Qiagen DNeasy PowerSoil	16.126	9.486	7/11/18	Auckland Genomics facility	AG0193A	16S	515f	806rB	GTGYCAGCMGCCGCGGTAA	GGACTACNVGGGTWTCTAAT	IDT	Ultramer DNA Oligonucleotide	MiSeq	GW180253	16.126
No	GW180254	16S	Takaka	30/5/18	2018	5	Autumn	6919	NA	Tasman District	Takaka	NA	NA	NA	NA	Filter in Lifeguard	NA	NA	NA	24/10/18	GW181024A	NA	NA	GW181024WF	GW181024BF	GW181024LG	NA	Qiagen DNeasy PowerSoil	23.388	31.437	7/11/18	Auckland Genomics facility	AG0193A	16S	515f	806rB	GTGYCAGCMGCCGCGGTAA	GGACTACNVGGGTWTCTAAT	IDT	Ultramer DNA Oligonucleotide	MiSeq	GW180254	23.388
No	GW180255	16S	Takaka	30/5/18	2018	5	Autumn	GW23720	NA	Tasman District	Takaka	NA	NA	NA	NA	Filter in Lifeguard	NA	NA	NA	24/10/18	GW181024A	NA	NA	GW181024WF	GW181024BF	GW181024LG	NA	Qiagen DNeasy PowerSoil	0.379	0.229	7/11/18	Auckland Genomics facility	AG0193A	16S	515f	806rB	GTGYCAGCMGCCGCGGTAA	GGACTACNVGGGTWTCTAAT	IDT	Ultramer DNA Oligonucleotide	MiSeq	GW180255	0.379
No	GW180256	16S	Takaka	30/5/18	2018	5	Autumn	GW23720	NA	Tasman District	Takaka	NA	NA	NA	NA	Filter in Lifeguard	NA	NA	NA	24/10/18	GW181024A	NA	NA	GW181024WF	GW181024BF	GW181024LG	NA	Qiagen DNeasy PowerSoil	0.004	0.022	7/11/18	Auckland Genomics facility	AG0193A	16S	515f	806rB	GTGYCAGCMGCCGCGGTAA	GGACTACNVGGGTWTCTAAT	IDT	Ultramer DNA Oligonucleotide	MiSeq	GW180256	0.004
No	GW180257	16S	Takaka	30/5/18	2018	5	Autumn	GW24034	NA	Tasman District	Takaka	NA	NA	NA	NA	Filter in Lifeguard	NA	NA	NA	24/10/18	GW181024A	NA	NA	GW181024WF	GW181024BF	GW181024LG	NA	Qiagen DNeasy PowerSoil	3.399	2.782	7/11/18	Auckland Genomics facility	AG0193A	16S	515f	806rB	GTGYCAGCMGCCGCGGTAA	GGACTACNVGGGTWTCTAAT	IDT	Ultramer DNA Oligonucleotide	MiSeq	GW180257	3.399
No	GW180258	16S	Takaka	30/5/18	2018	5	Autumn	GW24034	NA	Tasman District	Takaka	NA	NA	NA	NA	Filter in Lifeguard	NA	NA	NA	24/10/18	GW181024A	NA	NA	GW181024WF	GW181024BF	GW181024LG	NA	Qiagen DNeasy PowerSoil	2.131	1.636	7/11/18	Auckland Genomics facility	AG0193A	16S	515f	806rB	GTGYCAGCMGCCGCGGTAA	GGACTACNVGGGTWTCTAAT	IDT	Ultramer DNA Oligonucleotide	MiSeq	GW180258	2.131
Yes	GW181024A	16S	NA	24/10/18	2018	NA	NA	NA	NA	NA	NA	NA	NA	NA	NA	Ext blank Ultrapure water	NA	NA	NA	24/10/18	NA	NA	NA	NA	NA	NA	NA	Qiagen DNeasy PowerSoil	0.003	-0.009	7/11/18	Auckland Genomics facility	AG0193A	16S	515f	806rB	GTGYCAGCMGCCGCGGTAA	GGACTACNVGGGTWTCTAAT	IDT	Ultramer DNA Oligonucleotide	MiSeq	GW181024A	0.003
Yes	GW181024WF	16S	NA	24/10/18	2018	NA	NA	NA	NA	NA	NA	NA	NA	NA	NA	Ext blank Ultrapure water plus filter	NA	NA	NA	24/10/18	NA	NA	NA	NA	NA	NA	NA	Qiagen DNeasy PowerSoil	0.004	0.012	7/11/18	Auckland Genomics facility	AG0193A	16S	515f	806rB	GTGYCAGCMGCCGCGGTAA	GGACTACNVGGGTWTCTAAT	IDT	Ultramer DNA Oligonucleotide	MiSeq	GW181024WF	0.004
Yes	GW181024LG	16S	NA	24/10/18	2018	NA	NA	NA	NA	NA	NA	NA	NA	NA	NA	Ext blank Lifegurad plus filter	NA	NA	NA	24/10/18	NA	NA	NA	NA	NA	NA	NA	Qiagen DNeasy PowerSoil	0.003	0.006	7/11/18	Auckland Genomics facility	AG0193A	16S	515f	806rB	GTGYCAGCMGCCGCGGTAA	GGACTACNVGGGTWTCTAAT	IDT	Ultramer DNA Oligonucleotide	MiSeq	GW181024LG	0.003
Yes	GW181024BF	16S	NA	24/10/18	2018	NA	NA	NA	NA	NA	NA	NA	NA	NA	NA	Ext blank Phosphate buffer plus filter	NA	NA	NA	24/10/18	NA	NA	NA	NA	NA	NA	NA	Qiagen DNeasy PowerSoil	0.004	0.016	7/11/18	Auckland Genomics facility	AG0193A	16S	515f	806rB	GTGYCAGCMGCCGCGGTAA	GGACTACNVGGGTWTCTAAT	IDT	Ultramer DNA Oligonucleotide	MiSeq	GW181024BF	0.004
No	GW180351	16S	Smart Ideas	30/7/18	2018	7	Winter	E1	NA	Canterbury	Eyreton	NA	NA	NA	Silverstream	Groundwater pre sonication	NA	NA	NA	31/10/18	GWB181031A	NA	NA	NA	NA	NA	GWB181031FG	Qiagen DNeasy PowerSoil	3.536	5.994	7/11/18	Auckland Genomics facility	AG0193A	16S	515f	806rB	GTGYCAGCMGCCGCGGTAA	GGACTACNVGGGTWTCTAAT	IDT	Ultramer DNA Oligonucleotide	MiSeq	GW180351	3.536
No	GW180352	16S	Smart Ideas	30/7/18	2018	7	Winter	E1	NA	Canterbury	Eyreton	NA	NA	NA	Silverstream	Groundwater post sonication	NA	NA	NA	31/10/18	GWB181031A	NA	NA	NA	NA	NA	GWB181031FG	Qiagen DNeasy PowerSoil	0.051	0.113	7/11/18	Auckland Genomics facility	AG0193A	16S	515f	806rB	GTGYCAGCMGCCGCGGTAA	GGACTACNVGGGTWTCTAAT	IDT	Ultramer DNA Oligonucleotide	MiSeq	GW180352	0.051
No	GW180353	16S	Smart Ideas	30/7/18	2018	7	Winter	N3	NA	Canterbury	Eyreton	NA	NA	NA	Silverstream	Groundwater pre sonication	NA	NA	NA	31/10/18	GWB181031A	NA	NA	NA	NA	NA	GWB181031FG	Qiagen DNeasy PowerSoil	14.8	26.419	7/11/18	Auckland Genomics facility	AG0193A	16S	515f	806rB	GTGYCAGCMGCCGCGGTAA	GGACTACNVGGGTWTCTAAT	IDT	Ultramer DNA Oligonucleotide	MiSeq	GW180353	14.8
No	GW180354	16S	Smart Ideas	30/7/18	2018	7	Winter	N3	NA	Canterbury	Eyreton	NA	NA	NA	Silverstream	Groundwater post sonication	NA	NA	NA	31/10/18	GWB181031A	NA	NA	NA	NA	NA	GWB181031FG	Qiagen DNeasy PowerSoil	23.388	62.726	7/11/18	Auckland Genomics facility	AG0193A	16S	515f	806rB	GTGYCAGCMGCCGCGGTAA	GGACTACNVGGGTWTCTAAT	IDT	Ultramer DNA Oligonucleotide	MiSeq	GW180354	23.388
No	GW180355	16S	Smart Ideas	31/7/18	2018	7	Winter	RF2	M36/7716	Canterbury	Irwell	Selwyn - Waihora	Rakaia-Selwyn	Selwyn Lake Road	Raywell Farm	Groundwater pre sonication	NA	NA	NA	31/10/18	GWB181031A	NA	NA	NA	NA	NA	GWB181031FG	Qiagen DNeasy PowerSoil	1.613	2.998	7/11/18	Auckland Genomics facility	AG0193A	16S	515f	806rB	GTGYCAGCMGCCGCGGTAA	GGACTACNVGGGTWTCTAAT	IDT	Ultramer DNA Oligonucleotide	MiSeq	GW180355	1.613
No	GW180356	16S	Smart Ideas	31/7/18	2018	7	Winter	RF2	M36/7716	Canterbury	Irwell	Selwyn - Waihora	Rakaia-Selwyn	Selwyn Lake Road	Raywell Farm	Groundwater post sonication	NA	NA	NA	31/10/18	GWB181031A	NA	NA	NA	NA	NA	GWB181031FG	Qiagen DNeasy PowerSoil	0.834	1.556	7/11/18	Auckland Genomics facility	AG0193A	16S	515f	806rB	GTGYCAGCMGCCGCGGTAA	GGACTACNVGGGTWTCTAAT	IDT	Ultramer DNA Oligonucleotide	MiSeq	GW180356	0.834
No	GW180357	16S	Smart Ideas	31/7/18	2018	7	Winter	RF3	M36/7718	Canterbury	Irwell	Selwyn - Waihora	Selwyn-Waimakariri	Selwyn Lake Road	Raywell Farm	Groundwater pre sonication	NA	NA	NA	31/10/18	GWB181031A	NA	NA	NA	NA	NA	GWB181031FG	Qiagen DNeasy PowerSoil	1.391	1.569	7/11/18	Auckland Genomics facility	AG0193A	16S	515f	806rB	GTGYCAGCMGCCGCGGTAA	GGACTACNVGGGTWTCTAAT	IDT	Ultramer DNA Oligonucleotide	MiSeq	GW180357	1.391
No	GW180358	16S	Smart Ideas	31/7/18	2018	7	Winter	RF3	M36/7718	Canterbury	Irwell	Selwyn - Waihora	Selwyn-Waimakariri	Selwyn Lake Road	Raywell Farm	Groundwater post sonication	NA	NA	NA	31/10/18	GWB181031A	NA	NA	NA	NA	NA	GWB181031FG	Qiagen DNeasy PowerSoil	0.003	0.001	7/11/18	Auckland Genomics facility	AG0193A	16S	515f	806rB	GTGYCAGCMGCCGCGGTAA	GGACTACNVGGGTWTCTAAT	IDT	Ultramer DNA Oligonucleotide	MiSeq	GW180358	0.003
No	GW180359	16S	Smart Ideas	1/8/18	2018	8	Winter	SR1	L35/0824	Canterbury	Coalgate	Selwyn - Waihora	Selwyn-Waimakariri	Beatty Road	Scotts Road	Groundwater pre sonication	NA	NA	NA	31/10/18	GWB181031A	NA	NA	NA	NA	NA	GWB181031FG	Qiagen DNeasy PowerSoil	0.677	1.168	7/11/18	Auckland Genomics facility	AG0193A	16S	515f	806rB	GTGYCAGCMGCCGCGGTAA	GGACTACNVGGGTWTCTAAT	IDT	Ultramer DNA Oligonucleotide	MiSeq	GW180359	0.677
No	GW180360	16S	Smart Ideas	1/8/18	2018	8	Winter	SR1	L35/0824	Canterbury	Coalgate	Selwyn - Waihora	Selwyn-Waimakariri	Beatty Road	Scotts Road	Groundwater post sonication	NA	NA	NA	31/10/18	GWB181031A	NA	NA	NA	NA	NA	GWB181031FG	Qiagen DNeasy PowerSoil	0.05	0.049	7/11/18	Auckland Genomics facility	AG0193A	16S	515f	806rB	GTGYCAGCMGCCGCGGTAA	GGACTACNVGGGTWTCTAAT	IDT	Ultramer DNA Oligonucleotide	MiSeq	GW180360	0.05
No	GW180361	16S	Smart Ideas	1/8/18	2018	8	Winter	SR2	L35/0826	Canterbury	Coalgate	Selwyn - Waihora	Selwyn-Waimakariri	Beatty Road	Scotts Road	Groundwater pre sonication	NA	NA	NA	31/10/18	GWB181031A	NA	NA	NA	NA	NA	GWB181031FG	Qiagen DNeasy PowerSoil	0.007	-0.056	7/11/18	Auckland Genomics facility	AG0193A	16S	515f	806rB	GTGYCAGCMGCCGCGGTAA	GGACTACNVGGGTWTCTAAT	IDT	Ultramer DNA Oligonucleotide	MiSeq	GW180361	0.007
No	GW180362	16S	Smart Ideas	1/8/18	2018	8	Winter	SR2	L35/0826	Canterbury	Coalgate	Selwyn - Waihora	Selwyn-Waimakariri	Beatty Road	Scotts Road	Groundwater post sonication	NA	NA	NA	31/10/18	GWB181031A	NA	NA	NA	NA	NA	GWB181031FG	Qiagen DNeasy PowerSoil	0.007	0.011	7/11/18	Auckland Genomics facility	AG0193A	16S	515f	806rB	GTGYCAGCMGCCGCGGTAA	GGACTACNVGGGTWTCTAAT	IDT	Ultramer DNA Oligonucleotide	MiSeq	GW180362	0.007
No	GW180363	16S	Smart Ideas	2/8/18	2018	8	Winter	BW8	M36/4767	Canterbury	Burnham	Selwyn - Waihora	Selwyn-Waimakariri	Main South Road	Burnham	Groundwater pre sonication	NA	NA	NA	31/10/18	GWB181031A	NA	NA	NA	NA	NA	GWB181031FG	Qiagen DNeasy PowerSoil	0.014	0.001	7/11/18	Auckland Genomics facility	AG0193A	16S	515f	806rB	GTGYCAGCMGCCGCGGTAA	GGACTACNVGGGTWTCTAAT	IDT	Ultramer DNA Oligonucleotide	MiSeq	GW180363	0.014
No	GW180364	16S	Smart Ideas	2/8/18	2018	8	Winter	BW8	M36/4767	Canterbury	Burnham	Selwyn - Waihora	Selwyn-Waimakariri	Main South Road	Burnham	Groundwater post sonication	NA	NA	NA	31/10/18	GWB181031A	NA	NA	NA	NA	NA	GWB181031FG	Qiagen DNeasy PowerSoil	0.003	0.019	7/11/18	Auckland Genomics facility	AG0193A	16S	515f	806rB	GTGYCAGCMGCCGCGGTAA	GGACTACNVGGGTWTCTAAT	IDT	Ultramer DNA Oligonucleotide	MiSeq	GW180364	0.003
No	GW180365	16S	Smart Ideas	2/8/18	2018	8	Winter	BW19	M36/4776	Canterbury	Burnham	Selwyn - Waihora	Selwyn-Waimakariri	Main South Road	Burnham	Groundwater pre sonication	NA	NA	NA	31/10/18	GWB181031A	NA	NA	NA	NA	NA	GWB181031FG	Qiagen DNeasy PowerSoil	0.248	0.249	7/11/18	Auckland Genomics facility	AG0193A	16S	515f	806rB	GTGYCAGCMGCCGCGGTAA	GGACTACNVGGGTWTCTAAT	IDT	Ultramer DNA Oligonucleotide	MiSeq	GW180365	0.248
No	GW180366	16S	Smart Ideas	2/8/18	2018	8	Winter	BW19	M36/4776	Canterbury	Burnham	Selwyn - Waihora	Selwyn-Waimakariri	Main South Road	Burnham	Groundwater post sonication	NA	NA	NA	31/10/18	GWB181031A	NA	NA	NA	NA	NA	GWB181031FG	Qiagen DNeasy PowerSoil	0.002	-0.026	7/11/18	Auckland Genomics facility	AG0193A	16S	515f	806rB	GTGYCAGCMGCCGCGGTAA	GGACTACNVGGGTWTCTAAT	IDT	Ultramer DNA Oligonucleotide	MiSeq	GW180366	0.002
Yes	GW181031A	16S	NA	31/10/18	2018	NA	NA	NA	NA	NA	NA	NA	NA	NA	NA	Ext blank Ultrapure water	NA	NA	NA	31/10/18	NA	NA	NA	NA	NA	NA	NA	Qiagen DNeasy PowerSoil	0.002	0.018	7/11/18	Auckland Genomics facility	AG0193A	16S	515f	806rB	GTGYCAGCMGCCGCGGTAA	GGACTACNVGGGTWTCTAAT	IDT	Ultramer DNA Oligonucleotide	MiSeq	GW181031A	0.002
Yes	GW181031FG	16S	NA	31/10/18	2018	NA	NA	NA	NA	NA	NA	NA	NA	NA	NA	Ext blank GITC buffer plus supor filter	NA	NA	NA	31/10/18	NA	NA	NA	NA	NA	NA	NA	Qiagen DNeasy PowerSoil	0.00144	0.012	7/11/18	Auckland Genomics facility	AG0193A	16S	515f	806rB	GTGYCAGCMGCCGCGGTAA	GGACTACNVGGGTWTCTAAT	IDT	Ultramer DNA Oligonucleotide	MiSeq	GW181031FG	0.00144
No	GW180393	16S	Akaroa core	29/8/18	2018	8	Winter	BH04	NA	Canterbury	Banks Peninsula	NA	NA	NA	Akaroa	Drilling water	NA	NA	NA	2/11/18	GW181102A	NA	NA	NA	NA	NA	NA	Qiagen DNeasy PowerSoil	0.027	0.057	7/11/18	Auckland Genomics facility	AG0193A	16S	515f	806rB	GTGYCAGCMGCCGCGGTAA	GGACTACNVGGGTWTCTAAT	IDT	Ultramer DNA Oligonucleotide	MiSeq	GW180393	0.027
No	GW180453	16S	Akaroa core	2/10/18	2018	10	Spring	BH1	NA	Canterbury	Banks Peninsula	NA	NA	NA	Akaroa	Drilling water	NA	NA	NA	2/11/18	GW181102A	NA	NA	NA	NA	NA	NA	Qiagen DNeasy PowerWater	1.801	1.383	7/11/18	Auckland Genomics facility	AG0193A	16S	515f	806rB	GTGYCAGCMGCCGCGGTAA	GGACTACNVGGGTWTCTAAT	IDT	Ultramer DNA Oligonucleotide	MiSeq	GW180453	1.801
No	GW180454	16S	PRB	21/10/18	2018	10	Spring	PW1	NA	Canterbury	Silverstream	NA	NA	NA	Silverstream	Filter in groundwater pre sonication	NA	NA	NA	2/11/18	GW181102A	NA	NA	NA	NA	NA	NA	Qiagen DNeasy PowerWater	8.373	17.71	7/11/18	Auckland Genomics facility	AG0193A	16S	515f	806rB	GTGYCAGCMGCCGCGGTAA	GGACTACNVGGGTWTCTAAT	IDT	Ultramer DNA Oligonucleotide	MiSeq	GW180454	8.373
No	GW180455	16S	PRB	21/10/18	2018	10	Spring	S1	NA	Canterbury	Silverstream	NA	NA	NA	Silverstream	Filter in groundwater pre sonication	NA	NA	NA	2/11/18	GW181102A	NA	NA	NA	NA	NA	NA	Qiagen DNeasy PowerWater	7.97	11.366	7/11/18	Auckland Genomics facility	AG0193A	16S	515f	806rB	GTGYCAGCMGCCGCGGTAA	GGACTACNVGGGTWTCTAAT	IDT	Ultramer DNA Oligonucleotide	MiSeq	GW180455	7.97
No	GW180456	16S	PRB	21/10/18	2018	10	Spring	C4	NA	Canterbury	Silverstream	NA	NA	NA	Silverstream	Filter in groundwater pre sonication	NA	NA	NA	2/11/18	GW181102A	NA	NA	NA	NA	NA	NA	Qiagen DNeasy PowerWater	21.794	35.857	7/11/18	Auckland Genomics facility	AG0193A	16S	515f	806rB	GTGYCAGCMGCCGCGGTAA	GGACTACNVGGGTWTCTAAT	IDT	Ultramer DNA Oligonucleotide	MiSeq	GW180456	21.794
No	GW180457	16S	PRB	21/10/18	2018	10	Spring	C6	NA	Canterbury	Silverstream	NA	NA	NA	Silverstream	Filter in groundwater pre sonication	NA	NA	NA	2/11/18	GWB181102A	NA	NA	NA	NA	NA	NA	Qiagen DNeasy PowerWater	7.689	14.362	7/11/18	Auckland Genomics facility	AG0193A	16S	515f	806rB	GTGYCAGCMGCCGCGGTAA	GGACTACNVGGGTWTCTAAT	IDT	Ultramer DNA Oligonucleotide	MiSeq	GW180457	7.689
Yes	GW181102A	16S	NA	2/11/18	2018	NA	NA	NA	NA	NA	NA	NA	NA	NA	NA	Ext blank Ultrapure water	NA	NA	NA	2/11/18	NA	NA	NA	NA	NA	NA	NA	Qiagen DNeasy PowerWater	0.003	0.001	7/11/18	Auckland Genomics facility	AG0193A	16S	515f	806rB	GTGYCAGCMGCCGCGGTAA	GGACTACNVGGGTWTCTAAT	IDT	Ultramer DNA Oligonucleotide	MiSeq	GW181102A	0.003